Customer_ID,Tenure_Months,Monthly_Charges,Total_Charges,Contract_Type,Internet_Service,Support_Tickets_Last_Year,Churned,Payment_Method,Age_Group
CUST0000,61,47.34,2887.58,Month-to-Month,DSL,7,Yes,Mailed_Check,36-50
CUST0001,24,37.32,895.76,Month-to-Month,None,3,No,Electronic,26-35
CUST0002,33,88.49,2920.29,One_Year,Fiber_Optic,4,Yes,Mailed_Check,18-25
CUST0003,55,60.99,3354.5,Month-to-Month,DSL,2,No,Electronic,36-50
CUST0004,18,23.41,421.39,Two_Year,None,6,No,Credit_Card,26-35
CUST0005,60,40.64,2438.32,Two_Year,DSL,1,No,Electronic,51+
CUST0006,4,95.64,382.57,Month-to-Month,Fiber_Optic,1,Yes,Mailed_Check,26-35
CUST0007,44,81.25,3575.11,One_Year,Fiber_Optic,1,No,Mailed_Check,51+
CUST0008,62,21.77,1349.73,One_Year,None,6,Yes,Credit_Card,18-25
CUST0009,60,63.47,3808.2,Month-to-Month,DSL,8,Yes,Electronic,18-25
CUST0010,1,40.63,40.63,Two_Year,DSL,8,Yes,Credit_Card,36-50
CUST0011,33,68.45,2258.97,Two_Year,DSL,2,No,Mailed_Check,36-50
CUST0012,33,37.0,1221.03,One_Year,None,1,Yes,Bank_Transfer,26-35
CUST0013,35,31.83,1113.91,Month-to-Month,None,5,Yes,Electronic,36-50
CUST0014,14,68.87,964.17,One_Year,DSL,6,Yes,Electronic,36-50
CUST0015,63,97.57,6147.13,Month-to-Month,Fiber_Optic,2,No,Electronic,51+
CUST0016,15,85.57,1283.6,One_Year,Fiber_Optic,6,No,Credit_Card,18-25
CUST0017,42,33.9,1423.62,Month-to-Month,None,1,No,Electronic,18-25
CUST0018,62,115.33,7150.54,Two_Year,Fiber_Optic,6,Yes,Electronic,36-50
CUST0019,70,74.43,5210.05,Month-to-Month,DSL,6,Yes,Electronic,26-35
CUST0020,59,25.39,1497.91,Month-to-Month,None,7,Yes,Credit_Card,51+
CUST0021,12,42.6,511.15,One_Year,DSL,3,No,Mailed_Check,36-50
CUST0022,2,79.91,159.82,Month-to-Month,DSL,0,Yes,Mailed_Check,36-50
CUST0023,53,65.37,3464.82,Month-to-Month,DSL,1,No,Credit_Card,26-35
CUST0024,38,35.23,1338.83,Month-to-Month,None,0,Yes,Credit_Card,26-35
CUST0025,59,36.33,2143.39,One_Year,None,0,No,Electronic,36-50
CUST0026,19,24.4,463.69,One_Year,None,2,No,Bank_Transfer,51+
CUST0027,11,38.73,426.08,Two_Year,None,0,No,Electronic,26-35
CUST0028,16,107.83,1725.3,Two_Year,Fiber_Optic,6,No,Electronic,51+
CUST0029,37,119.85,4434.46,One_Year,Fiber_Optic,4,No,Bank_Transfer,18-25
CUST0030,20,34.52,690.38,Month-to-Month,None,2,No,Credit_Card,18-25
CUST0031,38,38.71,1471.08,One_Year,None,3,No,Mailed_Check,36-50
CUST0032,66,66.54,4391.64,Month-to-Month,DSL,1,No,Credit_Card,18-25
CUST0033,48,40.72,1954.7,Month-to-Month,DSL,4,No,Credit_Card,51+
CUST0034,22,52.32,1151.09,Two_Year,DSL,2,No,Mailed_Check,26-35
CUST0035,21,116.24,2441.12,Month-to-Month,Fiber_Optic,1,Yes,Credit_Card,36-50
CUST0036,4,49.21,196.83,Month-to-Month,DSL,2,Yes,Electronic,51+
CUST0037,6,118.16,708.94,Month-to-Month,Fiber_Optic,4,Yes,Electronic,18-25
CUST0038,60,62.11,3726.64,Two_Year,DSL,2,No,Bank_Transfer,18-25
CUST0039,18,25.37,456.65,Month-to-Month,None,2,No,Bank_Transfer,26-35
CUST0040,23,83.89,1929.4,One_Year,Fiber_Optic,5,Yes,Bank_Transfer,26-35
CUST0041,43,73.95,3179.71,Two_Year,DSL,8,No,Bank_Transfer,18-25
CUST0042,24,112.4,2697.71,Month-to-Month,Fiber_Optic,8,No,Mailed_Check,36-50
CUST0043,16,47.77,764.34,One_Year,DSL,7,Yes,Bank_Transfer,36-50
CUST0044,63,83.76,5276.83,Month-to-Month,Fiber_Optic,6,Yes,Electronic,26-35
CUST0045,49,73.56,3604.31,One_Year,DSL,5,Yes,Mailed_Check,36-50
CUST0046,60,60.89,3653.38,Month-to-Month,DSL,4,Yes,Electronic,36-50
CUST0047,55,47.78,2627.64,Month-to-Month,DSL,2,Yes,Credit_Card,18-25
CUST0048,63,92.92,5853.85,Two_Year,Fiber_Optic,0,No,Mailed_Check,36-50
CUST0049,9,118.51,1066.55,Month-to-Month,Fiber_Optic,6,No,Electronic,26-35
CUST0050,48,25.0,1200.23,Two_Year,None,5,Yes,Electronic,18-25
CUST0051,22,69.52,1529.35,One_Year,DSL,4,No,Bank_Transfer,51+
CUST0052,29,35.16,1019.55,One_Year,None,8,Yes,Electronic,36-50
CUST0053,16,119.18,1906.89,Month-to-Month,Fiber_Optic,4,Yes,Credit_Card,18-25
CUST0054,23,58.59,1347.5,Month-to-Month,DSL,4,Yes,Mailed_Check,18-25
CUST0055,58,20.31,1177.75,Two_Year,None,2,No,Credit_Card,18-25
CUST0056,24,38.89,933.24,One_Year,None,3,No,Bank_Transfer,51+
CUST0057,12,61.82,741.9,Month-to-Month,DSL,4,Yes,Electronic,51+
CUST0058,35,42.77,1497.11,Two_Year,DSL,1,No,Mailed_Check,51+
CUST0059,7,80.93,566.52,Month-to-Month,Fiber_Optic,1,Yes,Electronic,26-35
CUST0060,21,41.57,872.92,One_Year,DSL,8,No,Credit_Card,26-35
CUST0061,24,39.81,955.44,Month-to-Month,None,3,No,Credit_Card,18-25
CUST0062,30,35.02,1050.52,Month-to-Month,None,8,No,Mailed_Check,51+
CUST0063,49,91.91,4503.36,Two_Year,Fiber_Optic,2,Yes,Electronic,18-25
CUST0064,16,52.77,844.36,Two_Year,DSL,3,No,Bank_Transfer,51+
CUST0065,23,24.25,557.85,Month-to-Month,None,4,No,Bank_Transfer,18-25
CUST0066,35,82.3,2880.58,Two_Year,Fiber_Optic,4,No,Bank_Transfer,36-50
CUST0067,7,70.46,493.22,Month-to-Month,DSL,0,Yes,Credit_Card,26-35
CUST0068,29,34.12,989.62,Month-to-Month,None,4,Yes,Bank_Transfer,51+
CUST0069,71,75.21,5340.22,Month-to-Month,DSL,0,No,Credit_Card,51+
CUST0070,39,29.63,1155.7,Month-to-Month,None,5,Yes,Mailed_Check,36-50
CUST0071,58,25.07,1454.27,Month-to-Month,None,1,No,Credit_Card,18-25
CUST0072,63,34.92,2200.02,Two_Year,None,8,Yes,Electronic,51+
CUST0073,36,78.53,2827.04,One_Year,DSL,4,Yes,Credit_Card,18-25
CUST0074,54,48.67,2628.31,One_Year,DSL,0,No,Credit_Card,36-50
CUST0075,24,118.02,2832.4,Month-to-Month,Fiber_Optic,7,No,Credit_Card,26-35
CUST0076,28,95.53,2674.86,Month-to-Month,Fiber_Optic,1,Yes,Electronic,51+
CUST0077,33,81.29,2682.66,Two_Year,Fiber_Optic,8,Yes,Electronic,51+
CUST0078,69,76.44,5274.16,Month-to-Month,DSL,5,No,Mailed_Check,26-35
CUST0079,33,102.06,3368.1,Two_Year,Fiber_Optic,4,No,Mailed_Check,51+
CUST0080,59,31.88,1881.07,Two_Year,None,8,No,Electronic,18-25
CUST0081,55,22.68,1247.24,Month-to-Month,None,4,No,Electronic,18-25
CUST0082,53,116.53,6175.91,Two_Year,Fiber_Optic,6,No,Mailed_Check,36-50
CUST0083,51,88.2,4498.29,Month-to-Month,Fiber_Optic,0,Yes,Credit_Card,26-35
CUST0084,39,94.33,3678.73,Two_Year,Fiber_Optic,7,No,Mailed_Check,26-35
CUST0085,54,26.16,1412.4,One_Year,None,0,No,Mailed_Check,26-35
CUST0086,14,45.36,635.05,One_Year,DSL,6,No,Bank_Transfer,36-50
CUST0087,30,94.02,2820.71,Month-to-Month,Fiber_Optic,1,Yes,Bank_Transfer,36-50
CUST0088,30,60.56,1816.79,One_Year,DSL,7,No,Bank_Transfer,18-25
CUST0089,69,117.06,8077.38,Two_Year,Fiber_Optic,0,No,Electronic,26-35
CUST0090,23,31.59,726.64,Month-to-Month,None,2,Yes,Bank_Transfer,36-50
CUST0091,27,75.87,2048.53,Month-to-Month,DSL,2,No,Mailed_Check,18-25
CUST0092,42,36.44,1530.3,Month-to-Month,None,1,Yes,Electronic,26-35
CUST0093,49,54.24,2657.74,Month-to-Month,DSL,1,No,Electronic,36-50
CUST0094,56,59.25,3317.77,Month-to-Month,DSL,5,No,Bank_Transfer,51+
CUST0095,52,114.73,5966.07,Month-to-Month,Fiber_Optic,7,Yes,Bank_Transfer,51+
CUST0096,2,110.4,220.8,Month-to-Month,Fiber_Optic,7,Yes,Mailed_Check,36-50
CUST0097,18,33.74,607.38,Month-to-Month,None,6,Yes,Bank_Transfer,36-50
CUST0098,57,69.5,3961.28,Month-to-Month,DSL,6,No,Mailed_Check,26-35
CUST0099,25,75.62,1890.53,One_Year,DSL,3,No,Bank_Transfer,18-25
CUST0100,34,31.68,1077.26,Month-to-Month,None,5,Yes,Credit_Card,18-25
CUST0101,52,91.35,4750.25,One_Year,Fiber_Optic,5,No,Mailed_Check,36-50
CUST0102,33,53.21,1756.06,Month-to-Month,DSL,8,Yes,Electronic,26-35
CUST0103,55,87.46,4810.45,Month-to-Month,Fiber_Optic,7,No,Bank_Transfer,36-50
CUST0104,66,79.3,5233.48,Month-to-Month,DSL,5,Yes,Bank_Transfer,51+
CUST0105,51,90.32,4606.12,Month-to-Month,Fiber_Optic,7,No,Mailed_Check,36-50
CUST0106,70,91.2,6383.94,One_Year,Fiber_Optic,4,No,Credit_Card,36-50
CUST0107,14,61.19,856.71,Month-to-Month,DSL,0,Yes,Electronic,26-35
CUST0108,6,61.3,367.82,Month-to-Month,DSL,0,Yes,Mailed_Check,18-25
CUST0109,65,92.89,6038.12,Month-to-Month,Fiber_Optic,1,Yes,Electronic,18-25
CUST0110,35,29.43,1030.1,Month-to-Month,None,6,Yes,Electronic,18-25
CUST0111,9,84.97,764.75,Two_Year,Fiber_Optic,7,Yes,Bank_Transfer,36-50
CUST0112,11,81.92,901.16,Two_Year,Fiber_Optic,7,No,Mailed_Check,51+
CUST0113,26,47.46,1233.86,Month-to-Month,DSL,2,No,Electronic,18-25
CUST0114,14,112.66,1577.3,One_Year,Fiber_Optic,6,No,Electronic,26-35
CUST0115,17,30.05,510.92,One_Year,None,8,No,Bank_Transfer,26-35
CUST0116,6,30.86,185.14,One_Year,None,5,Yes,Bank_Transfer,51+
CUST0117,27,37.57,1014.46,One_Year,None,0,No,Mailed_Check,18-25
CUST0118,68,71.14,4837.72,Month-to-Month,DSL,0,No,Mailed_Check,18-25
CUST0119,52,44.12,2294.07,Two_Year,DSL,3,No,Electronic,51+
CUST0120,27,28.18,760.84,Month-to-Month,None,1,No,Bank_Transfer,51+
CUST0121,11,31.98,351.79,One_Year,None,3,No,Credit_Card,26-35
CUST0122,62,29.24,1812.89,Month-to-Month,None,7,Yes,Electronic,36-50
CUST0123,68,38.64,2627.68,One_Year,None,3,No,Electronic,51+
CUST0124,51,63.05,3215.63,One_Year,DSL,8,No,Credit_Card,18-25
CUST0125,21,22.46,471.58,Two_Year,None,4,Yes,Credit_Card,26-35
CUST0126,40,74.8,2991.83,Two_Year,DSL,6,No,Bank_Transfer,18-25
CUST0127,26,112.11,2914.97,One_Year,Fiber_Optic,4,Yes,Bank_Transfer,51+
CUST0128,34,38.46,1307.61,One_Year,None,6,No,Credit_Card,36-50
CUST0129,25,22.82,570.43,Month-to-Month,None,7,Yes,Mailed_Check,18-25
CUST0130,26,71.22,1851.72,Two_Year,DSL,5,Yes,Electronic,18-25
CUST0131,63,45.95,2894.63,Month-to-Month,DSL,5,No,Electronic,36-50
CUST0132,56,55.89,3129.99,One_Year,DSL,2,No,Credit_Card,26-35
CUST0133,19,55.11,1047.07,Month-to-Month,DSL,7,Yes,Mailed_Check,36-50
CUST0134,38,101.38,3852.37,Month-to-Month,Fiber_Optic,0,No,Credit_Card,18-25
CUST0135,34,38.92,1323.36,Month-to-Month,None,2,Yes,Bank_Transfer,36-50
CUST0136,65,114.68,7454.18,Month-to-Month,Fiber_Optic,7,Yes,Bank_Transfer,51+
CUST0137,67,20.39,1366.41,Month-to-Month,None,5,No,Credit_Card,36-50
CUST0138,46,24.86,1143.72,One_Year,None,7,No,Credit_Card,51+
CUST0139,48,56.26,2700.27,One_Year,DSL,6,Yes,Mailed_Check,36-50
CUST0140,36,41.06,1478.21,One_Year,DSL,2,No,Mailed_Check,26-35
CUST0141,67,53.67,3596.07,Two_Year,DSL,1,No,Credit_Card,51+
CUST0142,53,110.95,5880.53,One_Year,Fiber_Optic,8,Yes,Credit_Card,26-35
CUST0143,59,74.74,4409.58,One_Year,DSL,7,No,Credit_Card,51+
CUST0144,40,30.25,1209.97,Month-to-Month,None,8,No,Electronic,36-50
CUST0145,26,113.4,2948.33,Month-to-Month,Fiber_Optic,3,Yes,Electronic,26-35
CUST0146,42,36.45,1530.97,Month-to-Month,None,4,Yes,Mailed_Check,26-35
CUST0147,27,59.9,1617.26,One_Year,DSL,6,No,Mailed_Check,36-50
CUST0148,10,66.6,666.01,One_Year,DSL,6,No,Mailed_Check,18-25
CUST0149,54,96.88,5231.6,Month-to-Month,Fiber_Optic,1,No,Bank_Transfer,18-25
CUST0150,11,82.73,910.03,One_Year,Fiber_Optic,7,Yes,Electronic,36-50
CUST0151,24,38.99,935.67,Month-to-Month,None,6,No,Electronic,51+
CUST0152,62,25.25,1565.21,Month-to-Month,None,2,No,Bank_Transfer,26-35
CUST0153,40,84.26,3370.56,One_Year,Fiber_Optic,8,No,Electronic,18-25
CUST0154,3,98.39,295.16,One_Year,Fiber_Optic,2,Yes,Credit_Card,51+
CUST0155,44,103.61,4558.81,Two_Year,Fiber_Optic,2,No,Electronic,18-25
CUST0156,8,57.84,462.72,One_Year,DSL,7,No,Electronic,36-50
CUST0157,12,119.22,1430.68,One_Year,Fiber_Optic,1,No,Mailed_Check,18-25
CUST0158,17,20.88,355.02,Two_Year,None,6,Yes,Electronic,26-35
CUST0159,9,84.82,763.39,Two_Year,Fiber_Optic,6,Yes,Credit_Card,26-35
CUST0160,39,58.97,2299.77,Month-to-Month,DSL,3,No,Bank_Transfer,26-35
CUST0161,60,103.85,6231.05,One_Year,Fiber_Optic,2,No,Bank_Transfer,18-25
CUST0162,15,108.99,1634.86,One_Year,Fiber_Optic,6,No,Credit_Card,18-25
CUST0163,55,65.04,3576.96,One_Year,DSL,1,No,Mailed_Check,26-35
CUST0164,39,61.16,2385.14,Month-to-Month,DSL,2,Yes,Electronic,26-35
CUST0165,16,99.2,1587.12,Month-to-Month,Fiber_Optic,8,No,Bank_Transfer,18-25
CUST0166,5,53.45,267.27,One_Year,DSL,3,No,Electronic,36-50
CUST0167,62,114.11,7075.0,Month-to-Month,Fiber_Optic,1,No,Credit_Card,18-25
CUST0168,68,28.56,1941.77,Two_Year,None,0,No,Mailed_Check,18-25
CUST0169,56,31.77,1779.18,One_Year,None,6,No,Credit_Card,36-50
CUST0170,4,86.68,346.73,Two_Year,Fiber_Optic,3,No,Credit_Card,18-25
CUST0171,57,73.23,4173.86,One_Year,DSL,1,No,Electronic,26-35
CUST0172,47,112.03,5265.45,One_Year,Fiber_Optic,5,Yes,Electronic,36-50
CUST0173,50,46.96,2347.79,One_Year,DSL,2,No,Electronic,51+
CUST0174,68,24.49,1665.24,Two_Year,None,7,Yes,Mailed_Check,36-50
CUST0175,67,25.46,1705.77,Two_Year,None,8,No,Credit_Card,26-35
CUST0176,38,62.03,2357.3,Two_Year,DSL,1,No,Electronic,51+
CUST0177,40,118.48,4739.4,Month-to-Month,Fiber_Optic,4,No,Mailed_Check,18-25
CUST0178,40,26.96,1078.25,Two_Year,None,1,No,Electronic,18-25
CUST0179,59,37.36,2204.43,Two_Year,None,0,No,Electronic,18-25
CUST0180,63,77.2,4863.83,Two_Year,DSL,3,No,Credit_Card,36-50
CUST0181,31,74.87,2321.09,Two_Year,DSL,2,No,Mailed_Check,51+
CUST0182,2,116.35,232.7,Month-to-Month,Fiber_Optic,1,Yes,Electronic,51+
CUST0183,17,64.68,1099.51,Month-to-Month,DSL,0,Yes,Mailed_Check,51+
CUST0184,30,71.19,2135.81,Month-to-Month,DSL,5,Yes,Electronic,51+
CUST0185,68,38.64,2627.56,Two_Year,None,5,Yes,Credit_Card,26-35
CUST0186,10,70.84,708.39,Two_Year,DSL,0,No,Mailed_Check,26-35
CUST0187,52,114.86,5972.8,Month-to-Month,Fiber_Optic,3,No,Bank_Transfer,18-25
CUST0188,58,94.87,5502.65,Month-to-Month,Fiber_Optic,2,Yes,Mailed_Check,26-35
CUST0189,39,44.09,1719.42,Month-to-Month,DSL,8,Yes,Electronic,18-25
CUST0190,22,110.91,2440.08,Month-to-Month,Fiber_Optic,3,Yes,Bank_Transfer,18-25
CUST0191,59,77.74,4586.93,Two_Year,DSL,4,No,Bank_Transfer,18-25
CUST0192,15,28.19,422.8,Month-to-Month,None,5,No,Bank_Transfer,51+
CUST0193,60,114.57,6874.46,Two_Year,Fiber_Optic,7,Yes,Electronic,18-25
CUST0194,71,29.07,2064.24,One_Year,None,1,No,Credit_Card,51+
CUST0195,71,104.67,7431.29,Month-to-Month,Fiber_Optic,8,Yes,Credit_Card,51+
CUST0196,2,89.02,178.04,Month-to-Month,Fiber_Optic,5,Yes,Bank_Transfer,51+
CUST0197,38,42.9,1630.12,Month-to-Month,DSL,1,Yes,Electronic,18-25
CUST0198,51,116.31,5931.95,Two_Year,Fiber_Optic,5,Yes,Electronic,51+
CUST0199,20,29.98,599.56,Two_Year,None,5,Yes,Credit_Card,51+
CUST0200,30,60.71,1821.25,Two_Year,DSL,0,Yes,Credit_Card,26-35
CUST0201,15,119.1,1786.48,Month-to-Month,Fiber_Optic,1,Yes,Bank_Transfer,51+
CUST0202,9,22.48,202.36,Month-to-Month,None,5,No,Bank_Transfer,36-50
CUST0203,50,117.41,5870.4,One_Year,Fiber_Optic,7,No,Credit_Card,26-35
CUST0204,4,21.6,86.41,One_Year,None,3,No,Mailed_Check,26-35
CUST0205,12,30.53,366.34,Month-to-Month,None,1,Yes,Electronic,18-25
CUST0206,45,93.16,4192.23,Two_Year,Fiber_Optic,3,No,Bank_Transfer,18-25
CUST0207,18,23.23,418.2,One_Year,None,5,No,Electronic,51+
CUST0208,35,33.01,1155.23,One_Year,None,2,No,Mailed_Check,36-50
CUST0209,31,29.25,906.83,Month-to-Month,None,4,Yes,Credit_Card,51+
CUST0210,50,119.51,5975.3,One_Year,Fiber_Optic,7,No,Credit_Card,18-25
CUST0211,66,55.82,3684.16,Month-to-Month,DSL,3,No,Credit_Card,26-35
CUST0212,12,31.85,382.16,One_Year,None,5,Yes,Mailed_Check,51+
CUST0213,42,45.26,1901.03,Two_Year,DSL,7,Yes,Mailed_Check,26-35
CUST0214,62,42.77,2651.45,Month-to-Month,DSL,8,Yes,Electronic,36-50
CUST0215,70,27.18,1902.93,One_Year,None,1,No,Electronic,18-25
CUST0216,40,33.13,1325.39,Month-to-Month,None,0,No,Credit_Card,18-25
CUST0217,14,24.72,346.09,Month-to-Month,None,2,Yes,Electronic,26-35
CUST0218,8,57.24,457.88,One_Year,DSL,3,No,Electronic,18-25
CUST0219,37,64.22,2376.2,Month-to-Month,DSL,4,No,Credit_Card,51+
CUST0220,2,37.37,74.73,Month-to-Month,None,3,Yes,Electronic,51+
CUST0221,59,44.88,2648.18,Month-to-Month,DSL,5,Yes,Electronic,36-50
CUST0222,43,95.9,4123.49,Month-to-Month,Fiber_Optic,1,Yes,Electronic,26-35
CUST0223,23,29.09,669.18,Two_Year,None,1,No,Credit_Card,36-50
CUST0224,8,45.74,365.93,Month-to-Month,DSL,1,No,Electronic,36-50
CUST0225,47,114.73,5392.11,One_Year,Fiber_Optic,5,No,Bank_Transfer,36-50
CUST0226,17,80.7,1371.91,Two_Year,Fiber_Optic,1,No,Bank_Transfer,51+
CUST0227,33,38.62,1274.43,One_Year,None,3,No,Bank_Transfer,51+
CUST0228,64,63.09,4037.59,Two_Year,DSL,1,Yes,Electronic,18-25
CUST0229,68,71.3,4848.09,Month-to-Month,DSL,8,No,Mailed_Check,26-35
CUST0230,13,36.16,470.04,Two_Year,None,1,No,Bank_Transfer,18-25
CUST0231,15,101.78,1526.69,Two_Year,Fiber_Optic,8,No,Mailed_Check,36-50
CUST0232,33,27.77,916.45,One_Year,None,8,Yes,Electronic,36-50
CUST0233,66,103.48,6829.84,Month-to-Month,Fiber_Optic,7,Yes,Bank_Transfer,18-25
CUST0234,26,99.17,2578.35,Two_Year,Fiber_Optic,4,Yes,Electronic,26-35
CUST0235,70,30.67,2147.04,One_Year,None,6,No,Credit_Card,36-50
CUST0236,47,47.83,2248.06,One_Year,DSL,6,Yes,Bank_Transfer,18-25
CUST0237,13,21.21,275.67,One_Year,None,4,Yes,Mailed_Check,26-35
CUST0238,8,51.39,411.16,Month-to-Month,DSL,2,Yes,Credit_Card,26-35
CUST0239,7,79.07,553.48,One_Year,DSL,8,No,Mailed_Check,36-50
CUST0240,42,25.91,1088.03,One_Year,None,0,No,Credit_Card,51+
CUST0241,44,112.24,4938.55,Month-to-Month,Fiber_Optic,0,Yes,Mailed_Check,36-50
CUST0242,9,32.76,294.84,Two_Year,None,4,No,Bank_Transfer,26-35
CUST0243,24,73.59,1766.27,Month-to-Month,DSL,7,Yes,Mailed_Check,36-50
CUST0244,60,109.28,6556.7,One_Year,Fiber_Optic,3,No,Electronic,26-35
CUST0245,69,98.07,6766.88,One_Year,Fiber_Optic,1,No,Bank_Transfer,51+
CUST0246,48,30.71,1473.94,Two_Year,None,5,Yes,Bank_Transfer,51+
CUST0247,25,24.64,615.97,Month-to-Month,None,8,No,Bank_Transfer,36-50
CUST0248,41,28.85,1183.03,One_Year,None,6,No,Bank_Transfer,51+
CUST0249,42,32.06,1346.7,Month-to-Month,None,5,No,Electronic,26-35
CUST0250,8,75.77,606.14,Month-to-Month,DSL,2,Yes,Mailed_Check,18-25
CUST0251,60,60.76,3645.74,One_Year,DSL,1,No,Bank_Transfer,51+
CUST0252,44,103.71,4563.35,One_Year,Fiber_Optic,2,No,Bank_Transfer,26-35
CUST0253,35,27.57,964.93,One_Year,None,5,No,Mailed_Check,51+
CUST0254,55,118.31,6506.78,Month-to-Month,Fiber_Optic,8,Yes,Mailed_Check,26-35
CUST0255,3,52.03,156.1,Month-to-Month,DSL,7,No,Electronic,36-50
CUST0256,65,119.7,7780.46,Month-to-Month,Fiber_Optic,7,No,Electronic,51+
CUST0257,16,111.52,1784.26,One_Year,Fiber_Optic,0,No,Credit_Card,26-35
CUST0258,2,49.09,98.19,Month-to-Month,DSL,1,No,Electronic,18-25
CUST0259,55,97.89,5383.85,Month-to-Month,Fiber_Optic,3,Yes,Mailed_Check,36-50
CUST0260,42,55.64,2336.95,One_Year,DSL,0,No,Electronic,36-50
CUST0261,67,114.72,7686.39,One_Year,Fiber_Optic,5,No,Credit_Card,26-35
CUST0262,35,40.92,1432.05,Month-to-Month,DSL,1,Yes,Credit_Card,26-35
CUST0263,33,63.01,2079.22,One_Year,DSL,5,No,Mailed_Check,18-25
CUST0264,3,113.17,339.52,One_Year,Fiber_Optic,3,No,Mailed_Check,18-25
CUST0265,68,82.73,5625.43,One_Year,Fiber_Optic,1,No,Credit_Card,18-25
CUST0266,18,77.46,1394.24,One_Year,DSL,3,No,Bank_Transfer,26-35
CUST0267,31,32.39,1004.14,Month-to-Month,None,6,Yes,Bank_Transfer,26-35
CUST0268,31,99.38,3080.91,Month-to-Month,Fiber_Optic,1,No,Electronic,36-50
CUST0269,7,21.49,150.45,Month-to-Month,None,2,No,Credit_Card,18-25
CUST0270,52,24.58,1278.05,One_Year,None,4,Yes,Credit_Card,51+
CUST0271,63,85.23,5369.39,Two_Year,Fiber_Optic,3,No,Electronic,36-50
CUST0272,5,113.1,565.51,Month-to-Month,Fiber_Optic,4,Yes,Mailed_Check,26-35
CUST0273,10,111.61,1116.14,Month-to-Month,Fiber_Optic,4,No,Credit_Card,36-50
CUST0274,53,40.48,2145.7,One_Year,DSL,1,No,Electronic,51+
CUST0275,52,25.32,1316.49,Month-to-Month,None,4,Yes,Electronic,26-35
CUST0276,52,92.99,4835.33,Month-to-Month,Fiber_Optic,1,No,Mailed_Check,18-25
CUST0277,9,78.21,703.92,Two_Year,DSL,0,No,Mailed_Check,51+
CUST0278,21,73.63,1546.33,Month-to-Month,DSL,7,No,Bank_Transfer,26-35
CUST0279,60,105.47,6328.01,Month-to-Month,Fiber_Optic,0,Yes,Electronic,36-50
CUST0280,72,57.73,4156.63,Month-to-Month,DSL,7,Yes,Bank_Transfer,18-25
CUST0281,20,20.24,404.84,Month-to-Month,None,4,No,Mailed_Check,36-50
CUST0282,7,39.41,275.9,Month-to-Month,None,2,No,Bank_Transfer,36-50
CUST0283,64,66.41,4250.37,Month-to-Month,DSL,7,Yes,Bank_Transfer,51+
CUST0284,25,51.82,1295.44,One_Year,DSL,7,No,Bank_Transfer,26-35
CUST0285,41,90.43,3707.57,Month-to-Month,Fiber_Optic,8,No,Bank_Transfer,26-35
CUST0286,2,111.95,223.9,Two_Year,Fiber_Optic,7,Yes,Electronic,51+
CUST0287,40,85.12,3404.95,One_Year,Fiber_Optic,0,No,Electronic,18-25
CUST0288,22,97.58,2146.68,Month-to-Month,Fiber_Optic,8,Yes,Credit_Card,18-25
CUST0289,21,37.74,792.51,One_Year,None,7,Yes,Credit_Card,26-35
CUST0290,21,50.34,1057.08,Two_Year,DSL,1,No,Electronic,26-35
CUST0291,22,111.06,2443.27,Two_Year,Fiber_Optic,5,No,Mailed_Check,51+
CUST0292,52,84.32,4384.52,Month-to-Month,Fiber_Optic,4,No,Bank_Transfer,36-50
CUST0293,61,56.54,3448.74,One_Year,DSL,4,No,Bank_Transfer,36-50
CUST0294,25,33.78,844.44,Month-to-Month,None,6,No,Bank_Transfer,51+
CUST0295,65,69.67,4528.45,Month-to-Month,DSL,2,Yes,Bank_Transfer,51+
CUST0296,46,88.16,4055.43,Two_Year,Fiber_Optic,4,No,Bank_Transfer,26-35
CUST0297,58,61.55,3569.77,Month-to-Month,DSL,3,Yes,Electronic,26-35
CUST0298,16,110.35,1765.55,Month-to-Month,Fiber_Optic,3,Yes,Bank_Transfer,26-35
CUST0299,20,44.99,899.77,Two_Year,DSL,3,No,Mailed_Check,36-50
CUST0300,21,96.5,2026.6,Month-to-Month,Fiber_Optic,7,Yes,Mailed_Check,51+
CUST0301,71,43.72,3104.09,Month-to-Month,DSL,6,Yes,Mailed_Check,36-50
CUST0302,24,102.46,2459.03,Month-to-Month,Fiber_Optic,3,No,Mailed_Check,36-50
CUST0303,22,29.97,659.23,Month-to-Month,None,2,No,Credit_Card,26-35
CUST0304,48,71.54,3434.14,Two_Year,DSL,2,No,Mailed_Check,36-50
CUST0305,47,43.54,2046.57,One_Year,DSL,3,No,Credit_Card,26-35
CUST0306,47,65.5,3078.6,One_Year,DSL,3,No,Mailed_Check,36-50
CUST0307,61,34.8,2122.78,Two_Year,None,4,No,Bank_Transfer,18-25
CUST0308,51,113.27,5776.66,One_Year,Fiber_Optic,5,No,Mailed_Check,36-50
CUST0309,49,27.54,1349.38,Month-to-Month,None,4,Yes,Credit_Card,18-25
CUST0310,39,83.22,3245.74,One_Year,Fiber_Optic,6,Yes,Electronic,51+
CUST0311,31,82.29,2551.03,One_Year,Fiber_Optic,8,No,Electronic,51+
CUST0312,35,91.29,3195.06,Month-to-Month,Fiber_Optic,6,Yes,Mailed_Check,51+
CUST0313,70,97.16,6800.88,Two_Year,Fiber_Optic,8,Yes,Electronic,51+
CUST0314,21,116.26,2441.41,Month-to-Month,Fiber_Optic,8,Yes,Electronic,36-50
CUST0315,20,24.74,494.71,Month-to-Month,None,7,Yes,Credit_Card,36-50
CUST0316,37,96.75,3579.81,Month-to-Month,Fiber_Optic,8,No,Mailed_Check,18-25
CUST0317,19,87.65,1665.3,One_Year,Fiber_Optic,0,No,Electronic,51+
CUST0318,68,44.56,3030.34,Two_Year,DSL,1,No,Electronic,36-50
CUST0319,28,60.94,1706.2,One_Year,DSL,1,No,Electronic,36-50
CUST0320,65,64.52,4193.54,One_Year,DSL,5,Yes,Electronic,26-35
CUST0321,16,66.76,1068.17,One_Year,DSL,1,No,Electronic,36-50
CUST0322,64,30.25,1936.0,One_Year,None,2,No,Electronic,51+
CUST0323,15,46.59,698.82,Month-to-Month,DSL,3,Yes,Electronic,36-50
CUST0324,40,89.55,3582.07,Two_Year,Fiber_Optic,8,No,Mailed_Check,18-25
CUST0325,72,43.77,3151.16,Month-to-Month,DSL,2,Yes,Mailed_Check,51+
CUST0326,50,33.14,1656.78,One_Year,None,8,Yes,Electronic,36-50
CUST0327,36,83.76,3015.41,Month-to-Month,Fiber_Optic,8,Yes,Credit_Card,36-50
CUST0328,42,38.3,1608.68,One_Year,None,7,Yes,Mailed_Check,51+
CUST0329,40,27.26,1090.48,Month-to-Month,None,1,No,Credit_Card,18-25
CUST0330,4,69.31,277.22,Month-to-Month,DSL,4,Yes,Mailed_Check,26-35
CUST0331,16,72.14,1154.31,Two_Year,DSL,6,No,Electronic,36-50
CUST0332,28,105.39,2950.83,Month-to-Month,Fiber_Optic,3,No,Bank_Transfer,36-50
CUST0333,68,33.74,2294.13,Month-to-Month,None,2,No,Mailed_Check,26-35
CUST0334,50,78.94,3946.91,Month-to-Month,DSL,8,Yes,Credit_Card,51+
CUST0335,3,112.87,338.6,Two_Year,Fiber_Optic,8,Yes,Mailed_Check,26-35
CUST0336,35,84.03,2940.89,Month-to-Month,Fiber_Optic,4,Yes,Electronic,36-50
CUST0337,48,104.55,5018.45,Month-to-Month,Fiber_Optic,6,Yes,Electronic,18-25
CUST0338,33,119.16,3932.42,Two_Year,Fiber_Optic,2,No,Credit_Card,26-35
CUST0339,20,23.5,469.95,Month-to-Month,None,8,Yes,Credit_Card,36-50
CUST0340,47,26.81,1259.96,Month-to-Month,None,8,Yes,Bank_Transfer,18-25
CUST0341,14,56.33,788.65,Month-to-Month,DSL,3,No,Electronic,36-50
CUST0342,6,75.95,455.72,Two_Year,DSL,2,No,Bank_Transfer,36-50
CUST0343,72,98.41,7085.83,Month-to-Month,Fiber_Optic,3,Yes,Bank_Transfer,26-35
CUST0344,40,28.45,1138.04,Two_Year,None,8,No,Mailed_Check,26-35
CUST0345,3,51.69,155.07,Month-to-Month,DSL,2,No,Electronic,51+
CUST0346,19,32.43,616.11,Month-to-Month,None,8,No,Mailed_Check,51+
CUST0347,30,42.73,1282.01,One_Year,DSL,0,Yes,Electronic,51+
CUST0348,59,103.93,6132.12,Month-to-Month,Fiber_Optic,2,No,Electronic,51+
CUST0349,41,106.71,4375.2,Month-to-Month,Fiber_Optic,5,No,Bank_Transfer,36-50
CUST0350,11,111.78,1229.61,One_Year,Fiber_Optic,2,No,Mailed_Check,18-25
CUST0351,67,50.09,3356.18,One_Year,DSL,4,Yes,Electronic,18-25
CUST0352,65,66.77,4339.92,One_Year,DSL,0,Yes,Bank_Transfer,36-50
CUST0353,19,97.38,1850.29,Month-to-Month,Fiber_Optic,8,No,Electronic,26-35
CUST0354,29,28.9,838.24,One_Year,None,8,No,Bank_Transfer,36-50
CUST0355,66,111.47,7357.02,Month-to-Month,Fiber_Optic,2,Yes,Bank_Transfer,36-50
CUST0356,25,28.14,703.49,Two_Year,None,5,Yes,Electronic,51+
CUST0357,57,22.8,1299.63,One_Year,None,0,No,Electronic,36-50
CUST0358,56,28.95,1621.16,Month-to-Month,None,3,No,Electronic,26-35
CUST0359,39,48.76,1901.75,Two_Year,DSL,3,No,Electronic,51+
CUST0360,9,20.89,187.99,One_Year,None,8,No,Electronic,18-25
CUST0361,55,53.81,2959.49,Two_Year,DSL,6,No,Electronic,51+
CUST0362,40,29.01,1160.48,One_Year,None,0,No,Credit_Card,51+
CUST0363,45,50.33,2264.71,Two_Year,DSL,0,No,Credit_Card,26-35
CUST0364,30,65.46,1963.68,One_Year,DSL,6,Yes,Bank_Transfer,18-25
CUST0365,33,90.27,2978.84,One_Year,Fiber_Optic,3,No,Mailed_Check,18-25
CUST0366,15,42.84,642.6,Month-to-Month,DSL,2,No,Mailed_Check,36-50
CUST0367,51,94.48,4818.32,One_Year,Fiber_Optic,1,No,Electronic,36-50
CUST0368,38,84.82,3223.25,Two_Year,Fiber_Optic,1,No,Mailed_Check,51+
CUST0369,65,56.88,3697.29,Two_Year,DSL,2,No,Bank_Transfer,26-35
CUST0370,23,102.35,2353.95,Two_Year,Fiber_Optic,8,No,Mailed_Check,51+
CUST0371,45,28.6,1286.94,Month-to-Month,None,2,Yes,Electronic,26-35
CUST0372,28,95.37,2670.35,One_Year,Fiber_Optic,2,No,Electronic,36-50
CUST0373,33,31.64,1044.25,Month-to-Month,None,8,Yes,Mailed_Check,51+
CUST0374,65,22.85,1485.37,Month-to-Month,None,7,Yes,Credit_Card,36-50
CUST0375,38,105.48,4008.09,Month-to-Month,Fiber_Optic,0,No,Credit_Card,26-35
CUST0376,50,98.16,4908.0,Two_Year,Fiber_Optic,3,No,Credit_Card,51+
CUST0377,64,22.72,1453.81,One_Year,None,5,Yes,Bank_Transfer,26-35
CUST0378,37,58.34,2158.61,Month-to-Month,DSL,4,No,Electronic,36-50
CUST0379,29,113.07,3278.98,Two_Year,Fiber_Optic,0,No,Bank_Transfer,26-35
CUST0380,68,78.83,5360.42,Month-to-Month,DSL,5,No,Electronic,18-25
CUST0381,51,70.48,3594.28,One_Year,DSL,6,Yes,Mailed_Check,51+
CUST0382,44,82.31,3621.46,One_Year,Fiber_Optic,4,No,Credit_Card,36-50
CUST0383,13,22.78,296.19,Month-to-Month,None,2,No,Bank_Transfer,51+
CUST0384,24,69.38,1665.19,Month-to-Month,DSL,1,No,Electronic,36-50
CUST0385,19,59.02,1121.41,Month-to-Month,DSL,3,Yes,Bank_Transfer,18-25
CUST0386,21,101.34,2128.04,One_Year,Fiber_Optic,5,No,Bank_Transfer,51+
CUST0387,17,75.08,1276.42,Month-to-Month,DSL,5,No,Mailed_Check,51+
CUST0388,33,103.55,3417.13,Month-to-Month,Fiber_Optic,3,Yes,Bank_Transfer,36-50
CUST0389,51,54.49,2779.03,One_Year,DSL,0,No,Bank_Transfer,26-35
CUST0390,7,35.29,247.03,Month-to-Month,None,3,No,Credit_Card,36-50
CUST0391,72,57.57,4144.75,Month-to-Month,DSL,0,Yes,Mailed_Check,36-50
CUST0392,22,78.86,1734.95,Month-to-Month,DSL,6,No,Bank_Transfer,36-50
CUST0393,66,105.3,6949.92,One_Year,Fiber_Optic,4,Yes,Bank_Transfer,51+
CUST0394,8,80.35,642.84,One_Year,Fiber_Optic,2,No,Credit_Card,36-50
CUST0395,37,34.76,1286.02,Month-to-Month,None,8,No,Electronic,18-25
CUST0396,1,72.88,72.88,One_Year,DSL,8,Yes,Mailed_Check,36-50
CUST0397,30,68.93,2067.78,Month-to-Month,DSL,3,Yes,Bank_Transfer,36-50
CUST0398,45,112.33,5054.82,One_Year,Fiber_Optic,1,No,Bank_Transfer,26-35
CUST0399,60,60.02,3601.5,Month-to-Month,DSL,5,Yes,Mailed_Check,18-25
CUST0400,67,24.65,1651.39,One_Year,None,6,No,Mailed_Check,51+
CUST0401,53,20.44,1083.35,Month-to-Month,None,6,No,Electronic,18-25
CUST0402,19,64.14,1218.65,Month-to-Month,DSL,4,No,Mailed_Check,36-50
CUST0403,72,37.34,2688.38,Two_Year,None,3,No,Credit_Card,51+
CUST0404,53,108.56,5753.58,One_Year,Fiber_Optic,3,No,Mailed_Check,26-35
CUST0405,12,76.67,920.06,One_Year,DSL,7,Yes,Mailed_Check,26-35
CUST0406,49,108.87,5334.57,Month-to-Month,Fiber_Optic,8,Yes,Bank_Transfer,18-25
CUST0407,38,108.6,4126.86,One_Year,Fiber_Optic,5,No,Credit_Card,26-35
CUST0408,64,89.87,5751.87,Month-to-Month,Fiber_Optic,8,Yes,Bank_Transfer,18-25
CUST0409,44,31.3,1377.19,Month-to-Month,None,1,No,Mailed_Check,36-50
CUST0410,51,38.2,1948.14,Two_Year,None,7,Yes,Mailed_Check,36-50
CUST0411,55,77.21,4246.38,Month-to-Month,DSL,8,Yes,Bank_Transfer,18-25
CUST0412,11,47.31,520.44,One_Year,DSL,7,No,Bank_Transfer,18-25
CUST0413,12,59.02,708.2,Month-to-Month,DSL,2,No,Electronic,18-25
CUST0414,47,30.01,1410.38,Month-to-Month,None,8,Yes,Credit_Card,26-35
CUST0415,13,42.09,547.22,One_Year,DSL,8,Yes,Electronic,51+
CUST0416,56,66.29,3712.47,Two_Year,DSL,5,No,Credit_Card,18-25
CUST0417,8,51.81,414.5,One_Year,DSL,7,No,Mailed_Check,36-50
CUST0418,54,67.29,3633.54,Month-to-Month,DSL,5,Yes,Electronic,51+
CUST0419,54,42.32,2285.48,Month-to-Month,DSL,5,Yes,Credit_Card,36-50
CUST0420,24,89.68,2152.21,Two_Year,Fiber_Optic,5,No,Electronic,51+
CUST0421,17,29.86,507.57,Two_Year,None,5,No,Credit_Card,51+
CUST0422,65,78.54,5105.1,One_Year,DSL,5,Yes,Credit_Card,51+
CUST0423,53,114.29,6057.11,One_Year,Fiber_Optic,5,Yes,Bank_Transfer,26-35
CUST0424,25,50.62,1265.58,Month-to-Month,DSL,4,No,Mailed_Check,36-50
CUST0425,7,102.83,719.78,Month-to-Month,Fiber_Optic,4,No,Bank_Transfer,18-25
CUST0426,72,64.25,4625.7,One_Year,DSL,7,Yes,Bank_Transfer,51+
CUST0427,28,49.13,1375.62,Two_Year,DSL,1,No,Credit_Card,36-50
CUST0428,5,119.61,598.04,One_Year,Fiber_Optic,6,Yes,Credit_Card,26-35
CUST0429,57,94.63,5393.75,One_Year,Fiber_Optic,6,No,Mailed_Check,36-50
CUST0430,68,39.63,2695.05,One_Year,None,7,Yes,Credit_Card,36-50
CUST0431,54,77.9,4206.37,Month-to-Month,DSL,5,Yes,Bank_Transfer,36-50
CUST0432,5,107.6,538.02,One_Year,Fiber_Optic,1,No,Electronic,36-50
CUST0433,15,78.32,1174.76,Month-to-Month,DSL,1,Yes,Mailed_Check,18-25
CUST0434,62,90.99,5641.27,Two_Year,Fiber_Optic,5,Yes,Mailed_Check,26-35
CUST0435,8,102.43,819.48,Month-to-Month,Fiber_Optic,5,Yes,Bank_Transfer,51+
CUST0436,41,35.86,1470.38,Two_Year,None,5,Yes,Bank_Transfer,51+
CUST0437,11,39.62,435.85,Two_Year,None,8,Yes,Mailed_Check,36-50
CUST0438,4,104.89,419.57,Month-to-Month,Fiber_Optic,5,Yes,Electronic,36-50
CUST0439,66,78.41,5174.76,Month-to-Month,DSL,4,No,Credit_Card,18-25
CUST0440,43,108.73,4675.53,Two_Year,Fiber_Optic,0,No,Bank_Transfer,51+
CUST0441,37,114.21,4225.71,One_Year,Fiber_Optic,8,Yes,Electronic,51+
CUST0442,42,112.19,4711.99,Two_Year,Fiber_Optic,4,Yes,Mailed_Check,36-50
CUST0443,67,25.08,1680.12,One_Year,None,8,No,Electronic,26-35
CUST0444,1,95.91,95.91,Two_Year,Fiber_Optic,1,Yes,Electronic,36-50
CUST0445,17,41.3,702.18,Month-to-Month,DSL,2,No,Credit_Card,18-25
CUST0446,1,28.31,28.31,One_Year,None,0,No,Electronic,51+
CUST0447,5,113.59,567.96,Month-to-Month,Fiber_Optic,8,Yes,Electronic,26-35
CUST0448,69,49.0,3380.7,Two_Year,DSL,3,No,Credit_Card,36-50
CUST0449,47,113.59,5338.56,Month-to-Month,Fiber_Optic,6,No,Mailed_Check,51+
CUST0450,15,111.21,1668.22,Month-to-Month,Fiber_Optic,3,Yes,Electronic,18-25
CUST0451,68,31.88,2167.57,Month-to-Month,None,8,Yes,Bank_Transfer,18-25
CUST0452,63,36.22,2281.71,Month-to-Month,None,7,Yes,Mailed_Check,18-25
CUST0453,57,112.99,6440.52,One_Year,Fiber_Optic,1,No,Electronic,51+
CUST0454,62,41.5,2573.18,Month-to-Month,DSL,4,Yes,Electronic,18-25
CUST0455,7,82.19,575.3,Month-to-Month,Fiber_Optic,7,Yes,Electronic,18-25
CUST0456,38,21.04,799.44,Month-to-Month,None,3,No,Credit_Card,36-50
CUST0457,30,56.91,1707.16,Month-to-Month,DSL,1,Yes,Electronic,51+
CUST0458,39,85.01,3315.56,Two_Year,Fiber_Optic,5,Yes,Mailed_Check,18-25
CUST0459,31,55.23,1712.06,One_Year,DSL,6,No,Credit_Card,36-50
CUST0460,17,103.35,1756.97,Month-to-Month,Fiber_Optic,5,No,Credit_Card,36-50
CUST0461,65,62.4,4056.24,One_Year,DSL,0,No,Bank_Transfer,51+
CUST0462,15,36.55,548.25,Two_Year,None,7,No,Bank_Transfer,26-35
CUST0463,34,22.5,765.09,Two_Year,None,8,No,Electronic,18-25
CUST0464,3,106.61,319.82,Month-to-Month,Fiber_Optic,4,Yes,Electronic,51+
CUST0465,67,77.88,5218.2,One_Year,DSL,0,No,Credit_Card,51+
CUST0466,35,80.64,2822.49,Month-to-Month,Fiber_Optic,3,Yes,Mailed_Check,18-25
CUST0467,59,43.9,2590.13,Two_Year,DSL,7,Yes,Mailed_Check,18-25
CUST0468,27,28.59,771.98,One_Year,None,4,Yes,Credit_Card,18-25
CUST0469,20,102.11,2042.17,Two_Year,Fiber_Optic,8,No,Credit_Card,36-50
CUST0470,72,106.91,7697.38,Month-to-Month,Fiber_Optic,4,Yes,Credit_Card,36-50
CUST0471,72,38.12,2744.77,One_Year,None,1,Yes,Electronic,51+
CUST0472,6,23.83,142.97,Month-to-Month,None,0,Yes,Electronic,51+
CUST0473,62,89.89,5572.89,Month-to-Month,Fiber_Optic,0,Yes,Electronic,36-50
CUST0474,68,21.13,1436.96,One_Year,None,6,No,Credit_Card,26-35
CUST0475,54,23.98,1294.91,One_Year,None,2,No,Credit_Card,18-25
CUST0476,8,28.64,229.12,Month-to-Month,None,8,Yes,Electronic,26-35
CUST0477,69,101.91,7031.89,Month-to-Month,Fiber_Optic,8,Yes,Credit_Card,18-25
CUST0478,10,55.9,559.04,Month-to-Month,DSL,2,No,Bank_Transfer,51+
CUST0479,39,107.59,4196.06,One_Year,Fiber_Optic,6,Yes,Bank_Transfer,26-35
CUST0480,66,43.68,2883.06,Month-to-Month,DSL,2,Yes,Mailed_Check,26-35
CUST0481,48,31.27,1501.11,Two_Year,None,8,Yes,Bank_Transfer,51+
CUST0482,26,114.64,2980.74,Month-to-Month,Fiber_Optic,0,Yes,Electronic,36-50
CUST0483,22,37.66,828.52,Month-to-Month,None,7,No,Mailed_Check,18-25
CUST0484,7,40.62,284.31,Month-to-Month,DSL,3,Yes,Credit_Card,36-50
CUST0485,48,73.59,3532.42,Two_Year,DSL,5,No,Mailed_Check,26-35
CUST0486,25,83.71,2092.63,One_Year,Fiber_Optic,4,Yes,Bank_Transfer,51+
CUST0487,17,57.54,978.1,Month-to-Month,DSL,2,No,Electronic,26-35
CUST0488,23,43.66,1004.08,One_Year,DSL,0,Yes,Credit_Card,36-50
CUST0489,43,48.58,2088.78,Month-to-Month,DSL,4,Yes,Credit_Card,36-50
CUST0490,16,24.31,388.91,Month-to-Month,None,0,Yes,Credit_Card,36-50
CUST0491,59,95.33,5624.55,Two_Year,Fiber_Optic,3,No,Credit_Card,26-35
CUST0492,8,109.72,877.72,Month-to-Month,Fiber_Optic,7,Yes,Mailed_Check,18-25
CUST0493,60,111.99,6719.33,Two_Year,Fiber_Optic,6,Yes,Mailed_Check,18-25
CUST0494,40,29.09,1163.48,One_Year,None,5,Yes,Credit_Card,36-50
CUST0495,11,112.99,1242.89,Two_Year,Fiber_Optic,5,Yes,Electronic,51+
CUST0496,68,21.12,1436.4,One_Year,None,5,Yes,Electronic,36-50
CUST0497,38,106.21,4035.86,One_Year,Fiber_Optic,0,Yes,Electronic,18-25
CUST0498,47,69.87,3283.94,One_Year,DSL,2,No,Bank_Transfer,51+
CUST0499,25,30.3,757.5,Month-to-Month,None,6,Yes,Bank_Transfer,26-35
CUST0500,5,73.12,365.62,Two_Year,DSL,6,Yes,Mailed_Check,18-25
CUST0501,61,24.64,1502.78,One_Year,None,0,No,Bank_Transfer,18-25
CUST0502,42,100.86,4236.29,One_Year,Fiber_Optic,4,No,Credit_Card,36-50
CUST0503,29,97.57,2829.48,Month-to-Month,Fiber_Optic,5,Yes,Bank_Transfer,18-25
CUST0504,66,29.79,1965.98,One_Year,None,0,No,Credit_Card,26-35
CUST0505,32,83.34,2666.95,Month-to-Month,Fiber_Optic,0,No,Mailed_Check,26-35
CUST0506,28,24.45,684.52,Month-to-Month,None,8,Yes,Bank_Transfer,36-50
CUST0507,72,24.68,1777.25,Month-to-Month,None,7,No,Electronic,36-50
CUST0508,47,61.64,2896.9,One_Year,DSL,7,No,Electronic,26-35
CUST0509,48,74.82,3591.41,Month-to-Month,DSL,1,No,Credit_Card,18-25
CUST0510,26,53.49,1390.69,Month-to-Month,DSL,7,Yes,Electronic,18-25
CUST0511,53,24.09,1276.58,One_Year,None,0,No,Mailed_Check,18-25
CUST0512,32,29.49,943.52,Two_Year,None,4,No,Credit_Card,18-25
CUST0513,41,61.43,2518.48,One_Year,DSL,0,No,Bank_Transfer,26-35
CUST0514,66,100.42,6627.88,One_Year,Fiber_Optic,2,No,Bank_Transfer,36-50
CUST0515,18,95.51,1719.23,Month-to-Month,Fiber_Optic,7,No,Credit_Card,26-35
CUST0516,36,99.17,3570.13,Month-to-Month,Fiber_Optic,8,No,Credit_Card,18-25
CUST0517,20,95.02,1900.38,Two_Year,Fiber_Optic,5,No,Bank_Transfer,26-35
CUST0518,59,21.4,1262.6,Month-to-Month,None,7,No,Credit_Card,36-50
CUST0519,62,33.13,2054.34,Month-to-Month,None,1,No,Electronic,51+
CUST0520,36,110.91,3992.85,One_Year,Fiber_Optic,8,No,Mailed_Check,26-35
CUST0521,64,54.01,3456.52,One_Year,DSL,3,No,Bank_Transfer,36-50
CUST0522,16,37.81,604.93,One_Year,None,0,No,Bank_Transfer,18-25
CUST0523,62,103.15,6395.44,One_Year,Fiber_Optic,5,Yes,Mailed_Check,18-25
CUST0524,59,95.45,5631.46,One_Year,Fiber_Optic,7,Yes,Electronic,36-50
CUST0525,2,116.31,232.63,Two_Year,Fiber_Optic,0,No,Bank_Transfer,26-35
CUST0526,67,111.85,7493.93,Month-to-Month,Fiber_Optic,5,No,Mailed_Check,18-25
CUST0527,13,73.04,949.48,Month-to-Month,DSL,4,No,Bank_Transfer,26-35
CUST0528,23,72.6,1669.74,Month-to-Month,DSL,3,No,Credit_Card,51+
CUST0529,37,57.29,2119.87,One_Year,DSL,0,No,Mailed_Check,18-25
CUST0530,46,36.49,1678.38,Two_Year,None,7,No,Mailed_Check,18-25
CUST0531,18,30.28,545.11,Two_Year,None,6,No,Bank_Transfer,18-25
CUST0532,12,83.8,1005.56,One_Year,Fiber_Optic,3,No,Bank_Transfer,36-50
CUST0533,15,80.23,1203.43,Two_Year,Fiber_Optic,2,No,Electronic,18-25
CUST0534,54,27.21,1469.26,Two_Year,None,2,No,Bank_Transfer,51+
CUST0535,49,20.31,995.43,One_Year,None,7,No,Credit_Card,36-50
CUST0536,69,20.11,1387.38,Two_Year,None,2,No,Mailed_Check,36-50
CUST0537,43,65.53,2817.91,One_Year,DSL,2,No,Electronic,36-50
CUST0538,55,37.37,2055.25,One_Year,None,1,No,Bank_Transfer,36-50
CUST0539,42,79.24,3328.28,Month-to-Month,DSL,3,No,Electronic,26-35
CUST0540,54,36.66,1979.46,Month-to-Month,None,6,Yes,Bank_Transfer,36-50
CUST0541,54,42.18,2277.48,Month-to-Month,DSL,8,Yes,Bank_Transfer,18-25
CUST0542,47,47.17,2217.19,One_Year,DSL,5,Yes,Mailed_Check,26-35
CUST0543,59,111.16,6558.68,Month-to-Month,Fiber_Optic,6,No,Credit_Card,51+
CUST0544,13,116.41,1513.31,Two_Year,Fiber_Optic,7,Yes,Electronic,18-25
CUST0545,40,103.33,4133.11,Month-to-Month,Fiber_Optic,7,Yes,Credit_Card,51+
CUST0546,55,83.38,4586.04,Month-to-Month,Fiber_Optic,3,No,Mailed_Check,36-50
CUST0547,48,79.05,3794.28,Month-to-Month,DSL,7,Yes,Bank_Transfer,51+
CUST0548,37,79.89,2955.91,Two_Year,DSL,3,No,Bank_Transfer,36-50
CUST0549,53,36.95,1958.23,Two_Year,None,3,No,Electronic,18-25
CUST0550,50,92.24,4612.1,Two_Year,Fiber_Optic,1,No,Mailed_Check,26-35
CUST0551,15,90.74,1361.14,Month-to-Month,Fiber_Optic,3,Yes,Bank_Transfer,18-25
CUST0552,56,35.97,2014.09,One_Year,None,7,Yes,Bank_Transfer,51+
CUST0553,26,52.1,1354.58,Month-to-Month,DSL,3,No,Bank_Transfer,26-35
CUST0554,22,39.73,874.16,Month-to-Month,None,7,Yes,Bank_Transfer,36-50
CUST0555,10,85.49,854.86,One_Year,Fiber_Optic,5,Yes,Mailed_Check,51+
CUST0556,57,115.02,6555.92,One_Year,Fiber_Optic,0,No,Electronic,51+
CUST0557,40,109.0,4360.01,Month-to-Month,Fiber_Optic,1,No,Mailed_Check,36-50
CUST0558,32,36.8,1177.67,Month-to-Month,None,0,No,Credit_Card,26-35
CUST0559,63,98.83,6226.59,Month-to-Month,Fiber_Optic,8,Yes,Mailed_Check,36-50
CUST0560,16,74.39,1190.27,One_Year,DSL,1,No,Credit_Card,36-50
CUST0561,6,116.13,696.79,One_Year,Fiber_Optic,0,No,Electronic,51+
CUST0562,72,28.06,2020.0,Month-to-Month,None,6,Yes,Credit_Card,36-50
CUST0563,67,114.19,7650.61,Month-to-Month,Fiber_Optic,4,Yes,Electronic,26-35
CUST0564,72,104.15,7499.09,Two_Year,Fiber_Optic,5,Yes,Mailed_Check,18-25
CUST0565,59,38.78,2287.9,One_Year,None,0,No,Bank_Transfer,18-25
CUST0566,22,41.01,902.21,Month-to-Month,DSL,4,No,Electronic,36-50
CUST0567,54,65.09,3515.03,One_Year,DSL,0,No,Electronic,36-50
CUST0568,46,89.48,4116.24,Month-to-Month,Fiber_Optic,6,No,Bank_Transfer,26-35
CUST0569,28,58.72,1644.24,One_Year,DSL,0,No,Credit_Card,36-50
CUST0570,13,100.52,1306.72,Month-to-Month,Fiber_Optic,6,No,Electronic,26-35
CUST0571,55,66.98,3683.68,Two_Year,DSL,4,No,Bank_Transfer,51+
CUST0572,52,110.94,5768.99,One_Year,Fiber_Optic,4,Yes,Electronic,51+
CUST0573,9,23.21,208.92,Two_Year,None,2,No,Credit_Card,18-25
CUST0574,27,64.33,1736.99,One_Year,DSL,7,Yes,Electronic,36-50
CUST0575,43,82.22,3535.5,Two_Year,Fiber_Optic,6,No,Electronic,51+
CUST0576,56,62.63,3507.35,One_Year,DSL,6,Yes,Mailed_Check,26-35
CUST0577,49,30.49,1494.24,Month-to-Month,None,8,Yes,Bank_Transfer,51+
CUST0578,28,25.88,724.51,Month-to-Month,None,7,Yes,Mailed_Check,36-50
CUST0579,68,104.78,7125.36,Month-to-Month,Fiber_Optic,4,Yes,Electronic,36-50
CUST0580,60,40.41,2424.68,Month-to-Month,DSL,0,No,Mailed_Check,51+
CUST0581,48,36.99,1775.55,Month-to-Month,None,1,No,Bank_Transfer,51+
CUST0582,16,117.15,1874.32,Month-to-Month,Fiber_Optic,8,No,Bank_Transfer,51+
CUST0583,67,57.87,3877.19,Month-to-Month,DSL,1,Yes,Mailed_Check,26-35
CUST0584,10,105.9,1059.01,One_Year,Fiber_Optic,7,Yes,Credit_Card,18-25
CUST0585,53,21.11,1118.94,Month-to-Month,None,2,Yes,Bank_Transfer,26-35
CUST0586,4,115.82,463.29,Two_Year,Fiber_Optic,6,Yes,Bank_Transfer,51+
CUST0587,21,69.19,1452.96,Month-to-Month,DSL,2,Yes,Electronic,51+
CUST0588,38,99.43,3778.44,Month-to-Month,Fiber_Optic,3,No,Mailed_Check,26-35
CUST0589,5,28.68,143.38,Month-to-Month,None,4,Yes,Bank_Transfer,51+
CUST0590,21,33.17,696.64,Month-to-Month,None,1,No,Mailed_Check,51+
CUST0591,52,28.22,1467.29,One_Year,None,8,Yes,Bank_Transfer,36-50
CUST0592,55,43.95,2417.22,Two_Year,DSL,4,Yes,Bank_Transfer,18-25
CUST0593,65,42.69,2774.81,One_Year,DSL,1,No,Bank_Transfer,26-35
CUST0594,63,23.45,1477.38,Two_Year,None,7,Yes,Electronic,26-35
CUST0595,56,90.39,5061.66,Month-to-Month,Fiber_Optic,4,Yes,Bank_Transfer,36-50
CUST0596,1,58.32,58.32,Month-to-Month,DSL,7,Yes,Bank_Transfer,26-35
CUST0597,38,69.81,2652.67,Month-to-Month,DSL,5,No,Credit_Card,51+
CUST0598,38,53.13,2018.83,Month-to-Month,DSL,0,No,Mailed_Check,18-25
CUST0599,61,87.31,5325.72,Two_Year,Fiber_Optic,7,Yes,Electronic,36-50
CUST0600,60,26.07,1563.94,One_Year,None,2,No,Mailed_Check,26-35
CUST0601,20,64.07,1281.35,One_Year,DSL,4,Yes,Bank_Transfer,51+
CUST0602,44,77.12,3393.46,One_Year,DSL,6,Yes,Bank_Transfer,36-50
CUST0603,20,21.54,430.72,Two_Year,None,2,No,Credit_Card,26-35
CUST0604,50,57.53,2876.35,Two_Year,DSL,6,Yes,Credit_Card,51+
CUST0605,68,101.51,6902.77,Month-to-Month,Fiber_Optic,4,Yes,Credit_Card,51+
CUST0606,31,48.8,1512.91,Two_Year,DSL,1,No,Credit_Card,51+
CUST0607,8,39.16,313.3,Two_Year,None,1,No,Credit_Card,36-50
CUST0608,30,65.19,1955.78,Month-to-Month,DSL,2,No,Mailed_Check,26-35
CUST0609,43,55.93,2404.95,One_Year,DSL,1,No,Bank_Transfer,18-25
CUST0610,23,89.49,2058.17,Month-to-Month,Fiber_Optic,3,Yes,Mailed_Check,26-35
CUST0611,6,100.56,603.38,Month-to-Month,Fiber_Optic,4,Yes,Bank_Transfer,36-50
CUST0612,63,34.26,2158.19,Month-to-Month,None,3,Yes,Electronic,36-50
CUST0613,22,112.82,2481.98,Month-to-Month,Fiber_Optic,2,Yes,Mailed_Check,51+
CUST0614,9,79.61,716.52,One_Year,DSL,2,No,Bank_Transfer,26-35
CUST0615,23,52.18,1200.13,One_Year,DSL,8,Yes,Electronic,36-50
CUST0616,25,28.34,708.6,Month-to-Month,None,1,No,Mailed_Check,18-25
CUST0617,25,84.01,2100.25,One_Year,Fiber_Optic,8,No,Credit_Card,51+
CUST0618,21,24.7,518.7,Month-to-Month,None,4,No,Bank_Transfer,36-50
CUST0619,42,114.74,4818.93,Month-to-Month,Fiber_Optic,8,No,Bank_Transfer,36-50
CUST0620,59,27.86,1643.62,Month-to-Month,None,4,Yes,Mailed_Check,18-25
CUST0621,2,24.96,49.91,One_Year,None,3,Yes,Bank_Transfer,36-50
CUST0622,46,22.64,1041.41,One_Year,None,6,Yes,Credit_Card,51+
CUST0623,36,36.11,1300.07,Month-to-Month,None,0,No,Electronic,26-35
CUST0624,30,93.5,2804.95,Month-to-Month,Fiber_Optic,4,Yes,Mailed_Check,26-35
CUST0625,15,57.68,865.26,One_Year,DSL,2,No,Mailed_Check,51+
CUST0626,27,88.34,2385.28,Month-to-Month,Fiber_Optic,4,No,Electronic,51+
CUST0627,16,27.22,435.54,One_Year,None,5,Yes,Mailed_Check,51+
CUST0628,22,33.94,746.75,One_Year,None,5,Yes,Bank_Transfer,51+
CUST0629,57,28.23,1608.89,Month-to-Month,None,5,Yes,Credit_Card,51+
CUST0630,22,46.25,1017.56,Month-to-Month,DSL,4,No,Electronic,51+
CUST0631,68,97.78,6649.12,Month-to-Month,Fiber_Optic,6,No,Mailed_Check,36-50
CUST0632,53,60.28,3195.01,One_Year,DSL,2,No,Bank_Transfer,51+
CUST0633,16,93.21,1491.38,Month-to-Month,Fiber_Optic,0,No,Bank_Transfer,18-25
CUST0634,4,45.17,180.67,Month-to-Month,DSL,4,Yes,Bank_Transfer,26-35
CUST0635,47,75.6,3553.04,Month-to-Month,DSL,0,Yes,Mailed_Check,36-50
CUST0636,50,22.52,1125.96,Month-to-Month,None,7,No,Electronic,36-50
CUST0637,66,115.58,7628.48,Month-to-Month,Fiber_Optic,5,No,Mailed_Check,51+
CUST0638,42,85.74,3600.9,Month-to-Month,Fiber_Optic,7,Yes,Mailed_Check,51+
CUST0639,34,73.98,2515.25,Month-to-Month,DSL,8,Yes,Electronic,26-35
CUST0640,10,58.61,586.13,Month-to-Month,DSL,8,Yes,Mailed_Check,51+
CUST0641,24,97.06,2329.34,Month-to-Month,Fiber_Optic,3,Yes,Mailed_Check,36-50
CUST0642,28,82.02,2296.47,Two_Year,Fiber_Optic,4,Yes,Bank_Transfer,51+
CUST0643,14,83.6,1170.33,Month-to-Month,Fiber_Optic,1,No,Mailed_Check,51+
CUST0644,22,108.59,2388.95,Month-to-Month,Fiber_Optic,3,Yes,Credit_Card,18-25
CUST0645,20,52.32,1046.31,Two_Year,DSL,3,No,Bank_Transfer,36-50
CUST0646,68,21.63,1471.07,Month-to-Month,None,4,Yes,Bank_Transfer,26-35
CUST0647,14,109.15,1528.12,Month-to-Month,Fiber_Optic,0,Yes,Mailed_Check,51+
CUST0648,5,73.26,366.3,Two_Year,DSL,1,No,Credit_Card,36-50
CUST0649,31,25.98,805.25,One_Year,None,0,No,Credit_Card,36-50
CUST0650,13,101.61,1320.96,Month-to-Month,Fiber_Optic,7,No,Bank_Transfer,18-25
CUST0651,66,112.49,7424.36,One_Year,Fiber_Optic,5,No,Credit_Card,36-50
CUST0652,39,29.6,1154.44,Month-to-Month,None,6,No,Credit_Card,36-50
CUST0653,46,82.63,3801.09,One_Year,Fiber_Optic,3,No,Bank_Transfer,26-35
CUST0654,70,56.11,3927.57,Month-to-Month,DSL,3,No,Credit_Card,36-50
CUST0655,20,33.33,666.65,Month-to-Month,None,3,No,Credit_Card,36-50
CUST0656,52,83.7,4352.4,Month-to-Month,Fiber_Optic,8,Yes,Electronic,26-35
CUST0657,26,100.94,2624.51,Month-to-Month,Fiber_Optic,2,Yes,Electronic,51+
CUST0658,12,36.65,439.78,One_Year,None,2,No,Bank_Transfer,26-35
CUST0659,43,112.8,4850.52,Month-to-Month,Fiber_Optic,5,Yes,Mailed_Check,26-35
CUST0660,72,64.55,4647.28,One_Year,DSL,0,No,Mailed_Check,36-50
CUST0661,25,38.15,953.87,Month-to-Month,None,3,No,Mailed_Check,26-35
CUST0662,13,38.23,496.95,Month-to-Month,None,4,No,Mailed_Check,26-35
CUST0663,7,105.12,735.87,Month-to-Month,Fiber_Optic,0,Yes,Bank_Transfer,51+
CUST0664,28,35.8,1002.41,Two_Year,None,1,No,Electronic,26-35
CUST0665,14,53.57,750.01,Two_Year,DSL,3,No,Mailed_Check,51+
CUST0666,51,94.19,4803.65,Two_Year,Fiber_Optic,7,Yes,Bank_Transfer,36-50
CUST0667,64,105.93,6779.48,One_Year,Fiber_Optic,5,No,Mailed_Check,36-50
CUST0668,7,87.91,615.34,One_Year,Fiber_Optic,8,Yes,Mailed_Check,26-35
CUST0669,60,45.07,2704.38,Two_Year,DSL,4,Yes,Electronic,51+
CUST0670,50,88.6,4429.83,Month-to-Month,Fiber_Optic,6,No,Bank_Transfer,51+
CUST0671,43,25.91,1114.1,Month-to-Month,None,3,No,Mailed_Check,18-25
CUST0672,37,45.74,1692.33,Month-to-Month,DSL,3,Yes,Credit_Card,26-35
CUST0673,66,30.05,1983.29,One_Year,None,5,No,Mailed_Check,51+
CUST0674,58,47.81,2772.86,One_Year,DSL,0,No,Mailed_Check,18-25
CUST0675,30,98.78,2963.42,Month-to-Month,Fiber_Optic,1,No,Electronic,26-35
CUST0676,9,104.72,942.46,Two_Year,Fiber_Optic,6,No,Credit_Card,36-50
CUST0677,52,22.64,1177.47,Month-to-Month,None,1,Yes,Credit_Card,26-35
CUST0678,37,38.05,1407.78,Month-to-Month,None,5,No,Credit_Card,36-50
CUST0679,68,36.53,2483.82,Month-to-Month,None,1,Yes,Electronic,51+
CUST0680,57,32.63,1859.86,One_Year,None,8,Yes,Bank_Transfer,51+
CUST0681,49,32.1,1572.99,Two_Year,None,2,No,Electronic,26-35
CUST0682,59,35.75,2109.54,Month-to-Month,None,4,Yes,Bank_Transfer,26-35
CUST0683,10,40.49,404.94,Month-to-Month,DSL,2,Yes,Bank_Transfer,36-50
CUST0684,67,37.1,2485.44,Month-to-Month,None,2,Yes,Bank_Transfer,26-35
CUST0685,16,21.24,339.85,Month-to-Month,None,7,Yes,Credit_Card,18-25
CUST0686,15,44.54,668.12,One_Year,DSL,6,No,Mailed_Check,18-25
CUST0687,10,65.82,658.23,Two_Year,DSL,0,No,Mailed_Check,51+
CUST0688,60,77.48,4648.63,Month-to-Month,DSL,8,Yes,Credit_Card,26-35
CUST0689,69,42.36,2923.13,Month-to-Month,DSL,5,No,Mailed_Check,26-35
CUST0690,51,91.44,4663.24,Month-to-Month,Fiber_Optic,8,Yes,Credit_Card,36-50
CUST0691,67,40.89,2739.55,Month-to-Month,DSL,8,No,Mailed_Check,51+
CUST0692,25,27.86,696.57,Two_Year,None,4,Yes,Mailed_Check,36-50
CUST0693,47,101.88,4788.23,Month-to-Month,Fiber_Optic,1,No,Bank_Transfer,18-25
CUST0694,35,65.9,2306.44,Month-to-Month,DSL,2,Yes,Mailed_Check,26-35
CUST0695,65,48.99,3184.11,Two_Year,DSL,8,Yes,Bank_Transfer,26-35
CUST0696,60,87.79,5267.46,Month-to-Month,Fiber_Optic,6,Yes,Bank_Transfer,51+
CUST0697,26,47.25,1228.47,Two_Year,DSL,4,No,Bank_Transfer,36-50
CUST0698,54,96.11,5189.92,Month-to-Month,Fiber_Optic,6,Yes,Credit_Card,51+
CUST0699,26,45.32,1178.33,One_Year,DSL,6,No,Electronic,18-25
