Date,Region,Product_Category,Product_Name,Units_Sold,Unit_Price,Revenue,Discount_Rate,Profit_Margin
2023-01-31,North,Electronics,Electronics_Item_7,205,677.93,106467.57,0.23,0.01
2023-01-31,North,Clothing,Clothing_Item_4,230,32.48,5529.12,0.26,0.1
2023-01-31,North,Food,Food_Item_12,206,109.13,15939.5,0.29,0.01
2023-01-31,North,Home,Home_Item_12,117,10.11,963.66,0.19,0.2
2023-01-31,North,Sports,Sports_Item_16,186,50.77,9048.41,0.04,0.26
2023-01-31,South,Electronics,Electronics_Item_3,64,473.64,28497.27,0.06,0.09
2023-01-31,South,Clothing,Clothing_Item_14,100,74.42,7412.84,0.0,0.36
2023-01-31,South,Food,Food_Item_7,58,12.24,658.33,0.07,0.18
2023-01-31,South,Home,Home_Item_8,57,14.81,778.86,0.08,0.27
2023-01-31,South,Sports,Sports_Item_18,181,53.64,8116.4,0.16,0.15
2023-01-31,East,Electronics,Electronics_Item_16,93,763.7,58284.46,0.18,0.01
2023-01-31,East,Clothing,Clothing_Item_8,64,27.08,1709.57,0.01,0.32
2023-01-31,East,Food,Food_Item_13,131,85.56,7962.39,0.29,0.06
2023-01-31,East,Home,Home_Item_9,90,51.48,4611.31,0.0,0.22
2023-01-31,East,Sports,Sports_Item_19,137,65.28,8906.05,0.0,0.24
2023-01-31,West,Electronics,Electronics_Item_10,130,626.81,66671.74,0.18,0.01
2023-01-31,West,Clothing,Clothing_Item_1,90,93.2,7256.75,0.13,0.32
2023-01-31,West,Food,Food_Item_12,97,61.91,4805.91,0.2,0.14
2023-01-31,West,Home,Home_Item_15,153,48.46,6562.77,0.11,0.19
2023-01-31,West,Sports,Sports_Item_7,180,116.51,16121.22,0.23,0.1
2023-02-28,North,Electronics,Electronics_Item_13,102,513.64,51991.73,0.01,0.12
2023-02-28,North,Clothing,Clothing_Item_4,151,91.66,11501.96,0.17,0.24
2023-02-28,North,Food,Food_Item_19,259,115.78,29293.78,0.02,0.22
2023-02-28,North,Home,Home_Item_6,182,133.27,22103.2,0.09,0.22
2023-02-28,North,Sports,Sports_Item_11,103,122.51,9240.0,0.27,0.01
2023-02-28,South,Electronics,Electronics_Item_1,177,684.46,109592.29,0.1,0.07
2023-02-28,South,Clothing,Clothing_Item_9,178,38.23,5135.62,0.25,0.17
2023-02-28,South,Food,Food_Item_5,52,10.97,499.16,0.13,0.18
2023-02-28,South,Home,Home_Item_9,100,47.72,4530.86,0.05,0.2
2023-02-28,South,Sports,Sports_Item_7,162,19.08,2862.77,0.07,0.18
2023-02-28,East,Electronics,Electronics_Item_17,179,627.36,78684.62,0.3,0.01
2023-02-28,East,Clothing,Clothing_Item_1,51,60.21,2814.22,0.08,0.24
2023-02-28,East,Food,Food_Item_6,178,43.54,6611.92,0.15,0.1
2023-02-28,East,Home,Home_Item_6,117,21.32,2313.17,0.07,0.2
2023-02-28,East,Sports,Sports_Item_16,73,75.84,4874.05,0.12,0.25
2023-02-28,West,Electronics,Electronics_Item_3,193,701.18,127755.67,0.06,0.07
2023-02-28,West,Clothing,Clothing_Item_19,197,46.08,7140.56,0.21,0.16
2023-02-28,West,Food,Food_Item_7,197,100.32,15667.19,0.21,0.06
2023-02-28,West,Home,Home_Item_18,131,127.28,12995.99,0.22,0.12
2023-02-28,West,Sports,Sports_Item_17,91,46.11,3167.41,0.25,0.1
2023-03-31,North,Electronics,Electronics_Item_9,68,797.75,45161.4,0.17,0.01
2023-03-31,North,Clothing,Clothing_Item_1,199,76.03,11242.92,0.26,0.22
2023-03-31,North,Food,Food_Item_3,222,21.78,3531.7,0.27,0.01
2023-03-31,North,Home,Home_Item_14,217,24.21,5244.73,0.0,0.3
2023-03-31,North,Sports,Sports_Item_4,176,77.99,9630.69,0.3,0.03
2023-03-31,South,Electronics,Electronics_Item_8,117,342.35,31084.7,0.22,0.01
2023-03-31,South,Clothing,Clothing_Item_19,184,77.68,11966.0,0.16,0.22
2023-03-31,South,Food,Food_Item_19,168,45.06,5347.54,0.29,0.05
2023-03-31,South,Home,Home_Item_15,57,98.36,4761.08,0.15,0.2
2023-03-31,South,Sports,Sports_Item_17,110,79.89,6761.46,0.23,0.1
2023-03-31,East,Electronics,Electronics_Item_17,95,748.92,70817.36,0.0,0.11
2023-03-31,East,Clothing,Clothing_Item_1,95,97.33,6880.35,0.26,0.24
2023-03-31,East,Food,Food_Item_3,116,33.73,2813.73,0.28,0.06
2023-03-31,East,Home,Home_Item_2,153,19.86,2426.57,0.2,0.07
2023-03-31,East,Sports,Sports_Item_1,176,82.57,11302.27,0.22,0.15
2023-03-31,West,Electronics,Electronics_Item_3,186,621.49,105415.7,0.09,0.05
2023-03-31,West,Clothing,Clothing_Item_4,99,89.37,7490.03,0.15,0.31
2023-03-31,West,Food,Food_Item_12,69,100.99,5304.97,0.24,0.11
2023-03-31,West,Home,Home_Item_19,164,57.32,9135.33,0.03,0.23
2023-03-31,West,Sports,Sports_Item_17,112,147.46,12252.32,0.26,0.12
2023-04-30,North,Electronics,Electronics_Item_8,160,381.96,55124.65,0.1,0.05
2023-04-30,North,Clothing,Clothing_Item_6,137,41.72,4931.98,0.14,0.34
2023-04-30,North,Food,Food_Item_8,213,37.21,6263.03,0.21,0.09
2023-04-30,North,Home,Home_Item_19,136,28.58,3054.08,0.21,0.17
2023-04-30,North,Sports,Sports_Item_5,261,65.83,13347.47,0.22,0.09
2023-04-30,South,Electronics,Electronics_Item_1,166,248.52,32733.74,0.21,0.01
2023-04-30,South,Clothing,Clothing_Item_16,107,93.22,9256.72,0.07,0.31
2023-04-30,South,Food,Food_Item_7,138,102.43,10085.9,0.29,0.01
2023-04-30,South,Home,Home_Item_16,118,95.64,10446.89,0.07,0.2
2023-04-30,South,Sports,Sports_Item_17,135,12.02,1599.65,0.01,0.21
2023-04-30,East,Electronics,Electronics_Item_16,143,713.28,87489.01,0.14,0.02
2023-04-30,East,Clothing,Clothing_Item_10,134,57.88,6746.18,0.13,0.22
2023-04-30,East,Food,Food_Item_19,118,134.14,15755.29,0.0,0.24
2023-04-30,East,Home,Home_Item_16,145,129.91,17916.0,0.05,0.26
2023-04-30,East,Sports,Sports_Item_12,51,13.71,502.04,0.28,0.06
2023-04-30,West,Electronics,Electronics_Item_12,173,277.1,36136.31,0.25,0.01
2023-04-30,West,Clothing,Clothing_Item_13,116,85.63,9317.63,0.06,0.35
2023-04-30,West,Food,Food_Item_3,61,24.11,1428.98,0.03,0.18
2023-04-30,West,Home,Home_Item_2,130,101.8,10527.98,0.2,0.09
2023-04-30,West,Sports,Sports_Item_13,164,49.46,6415.93,0.21,0.05
2023-05-31,North,Electronics,Electronics_Item_4,167,726.48,92078.55,0.24,0.01
2023-05-31,North,Clothing,Clothing_Item_3,252,53.88,11231.35,0.17,0.25
2023-05-31,North,Food,Food_Item_5,114,62.08,6353.81,0.1,0.23
2023-05-31,North,Home,Home_Item_9,82,70.06,4444.43,0.23,0.13
2023-05-31,North,Sports,Sports_Item_13,106,136.36,10870.23,0.25,0.08
2023-05-31,South,Electronics,Electronics_Item_12,68,433.52,21472.39,0.27,0.01
2023-05-31,South,Clothing,Clothing_Item_19,58,45.55,1888.27,0.29,0.21
2023-05-31,South,Food,Food_Item_4,160,21.66,2839.23,0.18,0.07
2023-05-31,South,Home,Home_Item_10,102,120.82,11986.55,0.03,0.3
2023-05-31,South,Sports,Sports_Item_11,191,86.93,12182.46,0.27,0.05
2023-05-31,East,Electronics,Electronics_Item_12,124,270.24,25854.37,0.23,0.01
2023-05-31,East,Clothing,Clothing_Item_10,194,28.09,4303.46,0.21,0.14
2023-05-31,East,Food,Food_Item_5,186,125.06,22693.55,0.02,0.29
2023-05-31,East,Home,Home_Item_17,132,91.38,8876.72,0.26,0.12
2023-05-31,East,Sports,Sports_Item_19,120,148.04,15759.56,0.11,0.22
2023-05-31,West,Electronics,Electronics_Item_7,157,535.04,61161.09,0.27,0.01
2023-05-31,West,Clothing,Clothing_Item_8,175,59.41,8934.99,0.14,0.19
2023-05-31,West,Food,Food_Item_17,110,125.19,10957.4,0.2,0.15
2023-05-31,West,Home,Home_Item_13,105,83.97,6695.37,0.24,0.07
2023-05-31,West,Sports,Sports_Item_5,110,55.18,4385.77,0.28,0.01
2023-06-30,North,Electronics,Electronics_Item_14,264,781.58,167376.96,0.19,0.01
2023-06-30,North,Clothing,Clothing_Item_16,259,56.36,12039.13,0.18,0.25
2023-06-30,North,Food,Food_Item_8,82,144.22,10426.23,0.12,0.11
2023-06-30,North,Home,Home_Item_18,230,36.34,7471.56,0.11,0.18
2023-06-30,North,Sports,Sports_Item_17,103,20.88,1514.55,0.3,0.11
2023-06-30,South,Electronics,Electronics_Item_5,190,746.56,101428.19,0.28,0.01
2023-06-30,South,Clothing,Clothing_Item_13,96,93.53,6617.74,0.26,0.1
2023-06-30,South,Food,Food_Item_15,54,13.69,559.55,0.24,0.06
2023-06-30,South,Home,Home_Item_17,60,93.18,3963.95,0.29,0.02
2023-06-30,South,Sports,Sports_Item_6,147,15.16,2218.66,0.0,0.22
2023-06-30,East,Electronics,Electronics_Item_5,144,649.95,77162.64,0.18,0.01
2023-06-30,East,Clothing,Clothing_Item_19,132,39.79,5048.49,0.04,0.34
2023-06-30,East,Food,Food_Item_8,53,42.01,1813.65,0.19,0.15
2023-06-30,East,Home,Home_Item_18,88,104.02,7032.89,0.23,0.09
2023-06-30,East,Sports,Sports_Item_17,61,124.29,7380.84,0.03,0.32
2023-06-30,West,Electronics,Electronics_Item_14,161,488.03,60076.45,0.24,0.01
2023-06-30,West,Clothing,Clothing_Item_2,115,84.4,7908.99,0.19,0.29
2023-06-30,West,Food,Food_Item_19,87,95.13,6898.93,0.17,0.16
2023-06-30,West,Home,Home_Item_10,101,86.64,6360.66,0.27,0.05
2023-06-30,West,Sports,Sports_Item_17,100,107.67,9283.25,0.14,0.21
2023-07-31,North,Electronics,Electronics_Item_6,166,661.35,108273.75,0.01,0.09
2023-07-31,North,Clothing,Clothing_Item_11,137,47.79,5409.05,0.17,0.19
2023-07-31,North,Food,Food_Item_11,221,85.22,15529.07,0.18,0.13
2023-07-31,North,Home,Home_Item_3,225,107.67,19164.38,0.21,0.06
2023-07-31,North,Sports,Sports_Item_19,195,76.35,14119.44,0.05,0.26
2023-07-31,South,Electronics,Electronics_Item_6,196,693.07,121676.13,0.1,0.03
2023-07-31,South,Clothing,Clothing_Item_17,50,62.75,2295.96,0.27,0.14
2023-07-31,South,Food,Food_Item_15,127,56.21,6941.51,0.03,0.23
2023-07-31,South,Home,Home_Item_16,170,106.29,17218.33,0.05,0.24
2023-07-31,South,Sports,Sports_Item_3,110,10.36,1111.06,0.03,0.31
2023-07-31,East,Electronics,Electronics_Item_14,96,422.28,33020.13,0.19,0.01
2023-07-31,East,Clothing,Clothing_Item_7,179,79.8,13202.06,0.08,0.24
2023-07-31,East,Food,Food_Item_13,52,135.33,5913.74,0.16,0.15
2023-07-31,East,Home,Home_Item_5,67,72.64,4512.72,0.07,0.22
2023-07-31,East,Sports,Sports_Item_12,77,12.81,923.8,0.06,0.2
2023-07-31,West,Electronics,Electronics_Item_3,74,734.32,43268.81,0.2,0.01
2023-07-31,West,Clothing,Clothing_Item_15,158,58.37,7183.44,0.22,0.21
2023-07-31,West,Food,Food_Item_5,57,92.11,4653.92,0.11,0.19
2023-07-31,West,Home,Home_Item_13,55,135.95,6929.16,0.07,0.23
2023-07-31,West,Sports,Sports_Item_16,170,43.21,7009.13,0.05,0.18
2023-08-31,North,Electronics,Electronics_Item_9,71,710.49,38249.31,0.24,0.01
2023-08-31,North,Clothing,Clothing_Item_6,243,61.96,10619.15,0.29,0.13
2023-08-31,North,Food,Food_Item_17,155,90.64,14026.83,0.0,0.34
2023-08-31,North,Home,Home_Item_15,193,33.92,4721.89,0.28,0.08
2023-08-31,North,Sports,Sports_Item_4,249,76.73,17929.56,0.06,0.28
2023-08-31,South,Electronics,Electronics_Item_1,68,319.7,18284.28,0.16,0.01
2023-08-31,South,Clothing,Clothing_Item_4,139,81.42,9599.33,0.15,0.19
2023-08-31,South,Food,Food_Item_10,126,84.56,9578.93,0.1,0.13
2023-08-31,South,Home,Home_Item_2,54,18.87,920.56,0.1,0.27
2023-08-31,South,Sports,Sports_Item_11,133,45.65,4686.71,0.23,0.12
2023-08-31,East,Electronics,Electronics_Item_17,192,482.95,83020.87,0.1,0.04
2023-08-31,East,Clothing,Clothing_Item_11,118,86.45,9820.66,0.04,0.41
2023-08-31,East,Food,Food_Item_8,186,38.7,5197.6,0.28,0.03
2023-08-31,East,Home,Home_Item_5,60,121.34,6922.81,0.05,0.19
2023-08-31,East,Sports,Sports_Item_13,54,43.0,1689.46,0.27,0.08
2023-08-31,West,Electronics,Electronics_Item_14,91,435.47,34406.96,0.13,0.04
2023-08-31,West,Clothing,Clothing_Item_15,81,57.01,3582.39,0.22,0.17
2023-08-31,West,Food,Food_Item_8,194,135.94,22072.0,0.16,0.13
2023-08-31,West,Home,Home_Item_7,153,97.39,10699.8,0.28,0.01
2023-08-31,West,Sports,Sports_Item_7,91,29.5,2184.98,0.19,0.17
2023-09-30,North,Electronics,Electronics_Item_1,117,651.44,58416.18,0.23,0.01
2023-09-30,North,Clothing,Clothing_Item_6,182,77.13,10858.98,0.23,0.19
2023-09-30,North,Food,Food_Item_15,256,25.49,6275.48,0.04,0.3
2023-09-30,North,Home,Home_Item_2,249,30.99,6044.22,0.22,0.06
2023-09-30,North,Sports,Sports_Item_5,194,93.78,14284.72,0.21,0.11
2023-09-30,South,Electronics,Electronics_Item_8,197,308.96,50212.43,0.18,0.01
2023-09-30,South,Clothing,Clothing_Item_13,72,56.96,3912.48,0.05,0.41
2023-09-30,South,Food,Food_Item_11,153,80.82,12298.95,0.01,0.29
2023-09-30,South,Home,Home_Item_10,149,138.63,20512.48,0.01,0.31
2023-09-30,South,Sports,Sports_Item_14,141,62.42,8597.2,0.02,0.19
2023-09-30,East,Electronics,Electronics_Item_5,89,704.26,60370.16,0.04,0.12
2023-09-30,East,Clothing,Clothing_Item_1,198,33.24,4928.17,0.25,0.13
2023-09-30,East,Food,Food_Item_15,112,53.6,4908.61,0.18,0.09
2023-09-30,East,Home,Home_Item_9,102,56.93,5798.55,0.0,0.32
2023-09-30,East,Sports,Sports_Item_2,84,65.74,3998.5,0.28,0.06
2023-09-30,West,Electronics,Electronics_Item_11,184,408.17,64914.67,0.14,0.03
2023-09-30,West,Clothing,Clothing_Item_6,157,93.02,12073.39,0.17,0.2
2023-09-30,West,Food,Food_Item_18,137,53.61,6732.47,0.08,0.25
2023-09-30,West,Home,Home_Item_8,98,34.93,3270.01,0.04,0.31
2023-09-30,West,Sports,Sports_Item_19,98,51.94,4483.7,0.12,0.15
2023-10-31,North,Electronics,Electronics_Item_17,348,679.87,203360.17,0.14,0.01
2023-10-31,North,Clothing,Clothing_Item_19,159,86.93,12601.9,0.09,0.32
2023-10-31,North,Food,Food_Item_1,327,66.11,20610.19,0.05,0.25
2023-10-31,North,Home,Home_Item_10,114,130.65,13226.07,0.11,0.25
2023-10-31,North,Sports,Sports_Item_18,321,83.72,18981.97,0.29,0.09
2023-10-31,South,Electronics,Electronics_Item_8,276,595.35,153375.61,0.07,0.05
2023-10-31,South,Clothing,Clothing_Item_15,154,47.14,5326.98,0.27,0.17
2023-10-31,South,Food,Food_Item_14,85,23.92,1592.77,0.22,0.06
2023-10-31,South,Home,Home_Item_16,289,65.61,17794.09,0.06,0.25
2023-10-31,South,Sports,Sports_Item_16,84,98.65,6178.4,0.25,0.11
2023-10-31,East,Electronics,Electronics_Item_1,261,725.87,149442.12,0.21,0.01
2023-10-31,East,Clothing,Clothing_Item_3,144,69.98,7582.81,0.25,0.15
2023-10-31,East,Food,Food_Item_9,252,47.53,10506.19,0.12,0.2
2023-10-31,East,Home,Home_Item_17,153,51.23,6042.04,0.23,0.16
2023-10-31,East,Sports,Sports_Item_18,253,147.95,35386.74,0.05,0.23
2023-10-31,West,Electronics,Electronics_Item_7,246,507.47,98665.84,0.21,0.01
2023-10-31,West,Clothing,Clothing_Item_13,106,86.79,7749.27,0.16,0.32
2023-10-31,West,Food,Food_Item_10,220,48.12,7683.14,0.27,0.01
2023-10-31,West,Home,Home_Item_6,223,79.73,15618.75,0.12,0.11
2023-10-31,West,Sports,Sports_Item_6,256,110.83,27180.28,0.04,0.18
2023-11-30,North,Electronics,Electronics_Item_13,297,560.31,157656.93,0.05,0.09
2023-11-30,North,Clothing,Clothing_Item_2,391,53.5,17662.55,0.16,0.23
2023-11-30,North,Food,Food_Item_11,208,113.32,19306.37,0.18,0.07
2023-11-30,North,Home,Home_Item_8,180,71.21,10042.85,0.22,0.16
2023-11-30,North,Sports,Sports_Item_5,208,76.65,11461.94,0.28,0.07
2023-11-30,South,Electronics,Electronics_Item_3,157,328.96,47583.81,0.08,0.04
2023-11-30,South,Clothing,Clothing_Item_2,195,59.71,10475.8,0.1,0.31
2023-11-30,South,Food,Food_Item_11,183,20.52,3196.85,0.15,0.19
2023-11-30,South,Home,Home_Item_5,229,70.88,12242.22,0.25,0.04
2023-11-30,South,Sports,Sports_Item_19,235,107.26,20742.39,0.18,0.1
2023-11-30,East,Electronics,Electronics_Item_10,225,254.95,55009.06,0.04,0.11
2023-11-30,East,Clothing,Clothing_Item_19,159,55.68,7413.93,0.16,0.2
2023-11-30,East,Food,Food_Item_16,85,99.45,6617.14,0.22,0.14
2023-11-30,East,Home,Home_Item_9,111,136.47,11998.15,0.21,0.13
2023-11-30,East,Sports,Sports_Item_17,237,103.79,20256.85,0.18,0.07
2023-11-30,West,Electronics,Electronics_Item_7,112,540.77,59949.13,0.01,0.14
2023-11-30,West,Clothing,Clothing_Item_18,279,35.41,8628.86,0.13,0.22
2023-11-30,West,Food,Food_Item_17,247,128.24,23797.87,0.25,0.05
2023-11-30,West,Home,Home_Item_2,94,93.48,8469.09,0.04,0.21
2023-11-30,West,Sports,Sports_Item_12,270,107.48,22709.96,0.22,0.08
2023-12-31,North,Electronics,Electronics_Item_13,177,389.17,52543.42,0.24,0.01
2023-12-31,North,Clothing,Clothing_Item_3,130,54.15,6157.26,0.13,0.33
2023-12-31,North,Food,Food_Item_3,168,12.98,1834.29,0.16,0.2
2023-12-31,North,Home,Home_Item_12,348,149.71,40108.35,0.23,0.07
2023-12-31,North,Sports,Sports_Item_7,130,132.31,13236.42,0.23,0.16
2023-12-31,South,Electronics,Electronics_Item_14,199,642.55,123629.52,0.03,0.09
2023-12-31,South,Clothing,Clothing_Item_16,253,42.98,10111.66,0.07,0.29
2023-12-31,South,Food,Food_Item_5,183,25.33,4461.55,0.04,0.23
2023-12-31,South,Home,Home_Item_14,165,46.26,5383.21,0.29,0.05
2023-12-31,South,Sports,Sports_Item_4,205,75.44,14689.5,0.05,0.25
2023-12-31,East,Electronics,Electronics_Item_19,162,440.95,66492.48,0.07,0.09
2023-12-31,East,Clothing,Clothing_Item_17,238,38.45,8546.59,0.07,0.27
2023-12-31,East,Food,Food_Item_17,78,125.67,7950.21,0.19,0.17
2023-12-31,East,Home,Home_Item_10,87,139.89,11535.13,0.05,0.31
2023-12-31,East,Sports,Sports_Item_6,196,107.44,15904.66,0.24,0.03
2023-12-31,West,Electronics,Electronics_Item_14,93,334.29,25558.85,0.18,0.01
2023-12-31,West,Clothing,Clothing_Item_9,225,27.32,5656.99,0.08,0.37
2023-12-31,West,Food,Food_Item_11,187,14.96,2015.56,0.28,0.03
2023-12-31,West,Home,Home_Item_18,259,62.18,12608.77,0.22,0.07
2023-12-31,West,Sports,Sports_Item_17,129,40.83,5146.23,0.02,0.28
2024-01-31,North,Electronics,Electronics_Item_3,259,497.09,105864.77,0.18,0.01
2024-01-31,North,Clothing,Clothing_Item_1,166,72.97,8971.41,0.26,0.17
2024-01-31,North,Food,Food_Item_16,87,82.98,6687.74,0.07,0.27
2024-01-31,North,Home,Home_Item_6,97,127.18,9819.45,0.2,0.14
2024-01-31,North,Sports,Sports_Item_10,88,133.43,10102.14,0.14,0.23
2024-01-31,South,Electronics,Electronics_Item_18,220,691.97,110732.7,0.27,0.01
2024-01-31,South,Clothing,Clothing_Item_2,175,64.49,10410.64,0.08,0.35
2024-01-31,South,Food,Food_Item_2,73,96.37,5701.55,0.19,0.2
2024-01-31,South,Home,Home_Item_7,161,124.62,18357.62,0.09,0.15
2024-01-31,South,Sports,Sports_Item_15,145,70.51,9021.62,0.12,0.23
2024-01-31,East,Electronics,Electronics_Item_18,101,261.51,20961.54,0.21,0.01
2024-01-31,East,Clothing,Clothing_Item_10,138,44.08,5959.74,0.02,0.39
2024-01-31,East,Food,Food_Item_18,197,58.42,11351.51,0.01,0.28
2024-01-31,East,Home,Home_Item_3,74,146.29,8390.77,0.22,0.17
2024-01-31,East,Sports,Sports_Item_15,205,63.71,9841.07,0.25,0.01
2024-01-31,West,Electronics,Electronics_Item_2,151,691.27,104349.74,0.0,0.11
2024-01-31,West,Clothing,Clothing_Item_15,92,95.54,6537.5,0.26,0.11
2024-01-31,West,Food,Food_Item_15,198,125.63,18606.54,0.25,0.04
2024-01-31,West,Home,Home_Item_12,156,101.63,11331.88,0.29,0.01
2024-01-31,West,Sports,Sports_Item_6,166,112.38,13856.57,0.26,0.13
2024-02-29,North,Electronics,Electronics_Item_6,311,364.53,99446.88,0.12,0.05
2024-02-29,North,Clothing,Clothing_Item_12,101,79.67,5950.79,0.26,0.12
2024-02-29,North,Food,Food_Item_14,106,131.01,9853.46,0.29,0.04
2024-02-29,North,Home,Home_Item_18,307,22.76,6037.09,0.14,0.11
2024-02-29,North,Sports,Sports_Item_3,286,121.55,25254.12,0.27,0.03
2024-02-29,South,Electronics,Electronics_Item_17,232,677.92,151742.99,0.04,0.1
2024-02-29,South,Clothing,Clothing_Item_2,206,74.85,14490.6,0.06,0.32
2024-02-29,South,Food,Food_Item_18,161,70.65,10864.92,0.04,0.31
2024-02-29,South,Home,Home_Item_11,133,65.38,6811.99,0.22,0.17
2024-02-29,South,Sports,Sports_Item_11,110,115.99,9283.93,0.27,0.13
2024-02-29,East,Electronics,Electronics_Item_15,161,287.55,38366.88,0.17,0.01
2024-02-29,East,Clothing,Clothing_Item_8,152,58.59,7981.02,0.1,0.25
2024-02-29,East,Food,Food_Item_1,172,82.48,12694.25,0.11,0.13
2024-02-29,East,Home,Home_Item_7,148,21.0,2984.4,0.04,0.23
2024-02-29,East,Sports,Sports_Item_12,164,106.53,16421.12,0.06,0.27
2024-02-29,West,Electronics,Electronics_Item_9,115,770.93,64820.07,0.27,0.01
2024-02-29,West,Clothing,Clothing_Item_12,64,69.33,4039.23,0.09,0.32
2024-02-29,West,Food,Food_Item_15,67,142.63,7310.2,0.24,0.11
2024-02-29,West,Home,Home_Item_3,207,21.22,3670.27,0.16,0.2
2024-02-29,West,Sports,Sports_Item_12,207,83.7,16900.87,0.02,0.29
2024-03-31,North,Electronics,Electronics_Item_19,215,590.18,103448.88,0.18,0.01
2024-03-31,North,Clothing,Clothing_Item_19,165,57.61,7020.01,0.26,0.2
2024-03-31,North,Food,Food_Item_9,147,87.75,12015.3,0.07,0.25
2024-03-31,North,Home,Home_Item_15,171,101.05,13752.74,0.2,0.07
2024-03-31,North,Sports,Sports_Item_5,232,127.66,21081.01,0.29,0.01
2024-03-31,South,Electronics,Electronics_Item_18,62,641.21,33733.99,0.15,0.02
2024-03-31,South,Clothing,Clothing_Item_4,171,67.04,10104.31,0.12,0.21
2024-03-31,South,Food,Food_Item_19,135,93.68,10161.81,0.2,0.16
2024-03-31,South,Home,Home_Item_18,193,49.74,8494.3,0.12,0.16
2024-03-31,South,Sports,Sports_Item_4,105,127.04,10233.81,0.23,0.05
2024-03-31,East,Electronics,Electronics_Item_5,160,579.52,78464.39,0.15,0.01
2024-03-31,East,Clothing,Clothing_Item_15,139,25.53,3445.07,0.03,0.34
2024-03-31,East,Food,Food_Item_6,74,82.07,4993.12,0.18,0.11
2024-03-31,East,Home,Home_Item_5,228,64.75,13620.05,0.08,0.28
2024-03-31,East,Sports,Sports_Item_13,63,55.53,3360.83,0.04,0.28
2024-03-31,West,Electronics,Electronics_Item_16,113,340.8,33404.07,0.13,0.04
2024-03-31,West,Clothing,Clothing_Item_8,167,46.96,6828.61,0.13,0.32
2024-03-31,West,Food,Food_Item_11,59,45.35,2371.34,0.11,0.16
2024-03-31,West,Home,Home_Item_15,115,128.18,12152.51,0.18,0.18
2024-03-31,West,Sports,Sports_Item_2,215,38.82,7670.44,0.08,0.15
2024-04-30,North,Electronics,Electronics_Item_6,136,761.96,99830.86,0.04,0.07
2024-04-30,North,Clothing,Clothing_Item_10,171,45.29,7648.42,0.01,0.37
2024-04-30,North,Food,Food_Item_2,109,148.13,16122.05,0.0,0.34
2024-04-30,North,Home,Home_Item_11,156,146.23,21072.61,0.08,0.23
2024-04-30,North,Sports,Sports_Item_16,138,29.55,3701.34,0.09,0.13
2024-04-30,South,Electronics,Electronics_Item_8,204,604.06,119756.77,0.03,0.13
2024-04-30,South,Clothing,Clothing_Item_1,171,38.76,6121.09,0.08,0.38
2024-04-30,South,Food,Food_Item_18,122,147.01,17840.78,0.01,0.25
2024-04-30,South,Home,Home_Item_8,228,126.32,22161.22,0.23,0.15
2024-04-30,South,Sports,Sports_Item_16,162,106.53,16141.8,0.06,0.25
2024-04-30,East,Electronics,Electronics_Item_2,225,436.32,95032.37,0.03,0.11
2024-04-30,East,Clothing,Clothing_Item_9,132,98.17,9573.74,0.26,0.15
2024-04-30,East,Food,Food_Item_6,148,50.42,6005.41,0.2,0.06
2024-04-30,East,Home,Home_Item_9,213,103.46,16997.95,0.23,0.14
2024-04-30,East,Sports,Sports_Item_7,84,70.98,5747.44,0.04,0.29
2024-04-30,West,Electronics,Electronics_Item_15,162,397.03,52551.59,0.18,0.01
2024-04-30,West,Clothing,Clothing_Item_17,233,50.43,9648.23,0.18,0.24
2024-04-30,West,Food,Food_Item_14,99,41.82,3390.48,0.18,0.07
2024-04-30,West,Home,Home_Item_8,145,116.31,14120.65,0.16,0.14
2024-04-30,West,Sports,Sports_Item_12,114,128.6,11081.65,0.24,0.14
2024-05-31,North,Electronics,Electronics_Item_15,289,439.29,106632.68,0.16,0.01
2024-05-31,North,Clothing,Clothing_Item_11,146,81.19,9300.08,0.22,0.25
2024-05-31,North,Food,Food_Item_15,110,37.41,3315.68,0.19,0.05
2024-05-31,North,Home,Home_Item_13,116,101.66,11094.75,0.06,0.21
2024-05-31,North,Sports,Sports_Item_14,107,24.2,2389.82,0.08,0.21
2024-05-31,South,Electronics,Electronics_Item_10,89,757.76,55687.37,0.17,0.01
2024-05-31,South,Clothing,Clothing_Item_11,230,51.99,9005.14,0.25,0.25
2024-05-31,South,Food,Food_Item_7,66,105.36,5858.01,0.16,0.1
2024-05-31,South,Home,Home_Item_4,123,121.08,10792.19,0.28,0.01
2024-05-31,South,Sports,Sports_Item_10,197,122.84,23884.11,0.01,0.27
2024-05-31,East,Electronics,Electronics_Item_9,113,770.84,65698.48,0.25,0.01
2024-05-31,East,Clothing,Clothing_Item_10,88,36.96,2851.7,0.12,0.29
2024-05-31,East,Food,Food_Item_4,142,117.79,15443.69,0.08,0.22
2024-05-31,East,Home,Home_Item_18,116,112.47,10418.98,0.2,0.17
2024-05-31,East,Sports,Sports_Item_15,231,97.34,18528.54,0.18,0.13
2024-05-31,West,Electronics,Electronics_Item_17,115,642.12,69042.79,0.07,0.09
2024-05-31,West,Clothing,Clothing_Item_11,234,21.89,4189.56,0.18,0.25
2024-05-31,West,Food,Food_Item_2,220,45.96,9934.69,0.02,0.28
2024-05-31,West,Home,Home_Item_7,133,29.1,3401.03,0.12,0.21
2024-05-31,West,Sports,Sports_Item_10,86,27.98,1883.07,0.22,0.04
2024-06-30,North,Electronics,Electronics_Item_1,128,364.5,45456.61,0.03,0.08
2024-06-30,North,Clothing,Clothing_Item_7,286,52.1,13363.55,0.1,0.27
2024-06-30,North,Food,Food_Item_8,97,82.67,6093.45,0.24,0.02
2024-06-30,North,Home,Home_Item_6,156,105.22,14164.41,0.14,0.12
2024-06-30,North,Sports,Sports_Item_2,284,149.18,35277.5,0.17,0.17
2024-06-30,South,Electronics,Electronics_Item_5,93,400.14,36222.19,0.03,0.11
2024-06-30,South,Clothing,Clothing_Item_10,148,70.8,9942.05,0.05,0.37
2024-06-30,South,Food,Food_Item_8,200,125.05,22753.23,0.09,0.13
2024-06-30,South,Home,Home_Item_8,61,139.8,7506.48,0.12,0.14
2024-06-30,South,Sports,Sports_Item_6,197,148.95,24589.56,0.16,0.21
2024-06-30,East,Electronics,Electronics_Item_16,234,253.47,57040.55,0.04,0.11
2024-06-30,East,Clothing,Clothing_Item_18,102,32.74,3222.04,0.04,0.28
2024-06-30,East,Food,Food_Item_1,135,63.33,7936.07,0.07,0.19
2024-06-30,East,Home,Home_Item_18,146,125.54,13146.99,0.28,0.02
2024-06-30,East,Sports,Sports_Item_5,122,32.65,3296.37,0.17,0.18
2024-06-30,West,Electronics,Electronics_Item_3,71,758.36,40639.09,0.25,0.01
2024-06-30,West,Clothing,Clothing_Item_15,215,31.3,5076.96,0.25,0.14
2024-06-30,West,Food,Food_Item_14,233,13.21,2870.39,0.07,0.17
2024-06-30,West,Home,Home_Item_1,81,90.23,6047.25,0.17,0.2
2024-06-30,West,Sports,Sports_Item_3,169,78.19,10182.05,0.23,0.11
2024-07-31,North,Electronics,Electronics_Item_2,291,287.82,82043.93,0.02,0.1
2024-07-31,North,Clothing,Clothing_Item_13,116,38.6,3434.61,0.23,0.13
2024-07-31,North,Food,Food_Item_6,127,80.86,9943.67,0.03,0.24
2024-07-31,North,Home,Home_Item_19,225,12.48,2499.95,0.11,0.2
2024-07-31,North,Sports,Sports_Item_11,84,119.31,9846.89,0.02,0.26
2024-07-31,South,Electronics,Electronics_Item_9,123,378.41,44161.74,0.05,0.08
2024-07-31,South,Clothing,Clothing_Item_4,193,34.22,5380.1,0.19,0.26
2024-07-31,South,Food,Food_Item_4,179,42.05,7027.56,0.07,0.18
2024-07-31,South,Home,Home_Item_3,204,128.72,20019.38,0.24,0.12
2024-07-31,South,Sports,Sports_Item_5,66,83.57,5222.97,0.05,0.23
2024-07-31,East,Electronics,Electronics_Item_10,211,280.28,45117.49,0.24,0.01
2024-07-31,East,Clothing,Clothing_Item_18,126,35.18,4001.99,0.1,0.32
2024-07-31,East,Food,Food_Item_17,154,19.05,2606.32,0.11,0.12
2024-07-31,East,Home,Home_Item_4,221,73.61,15789.74,0.03,0.3
2024-07-31,East,Sports,Sports_Item_9,97,55.45,4610.93,0.14,0.2
2024-07-31,West,Electronics,Electronics_Item_17,107,671.01,51220.71,0.29,0.01
2024-07-31,West,Clothing,Clothing_Item_1,199,45.23,7819.58,0.13,0.3
2024-07-31,West,Food,Food_Item_11,69,140.24,7409.09,0.23,0.05
2024-07-31,West,Home,Home_Item_17,97,64.09,5793.33,0.07,0.21
2024-07-31,West,Sports,Sports_Item_1,160,82.58,10289.37,0.22,0.05
2024-08-31,North,Electronics,Electronics_Item_11,215,608.14,127423.43,0.03,0.08
2024-08-31,North,Clothing,Clothing_Item_5,283,25.77,7265.5,0.0,0.31
2024-08-31,North,Food,Food_Item_11,312,113.25,32191.0,0.09,0.18
2024-08-31,North,Home,Home_Item_5,305,141.92,38678.88,0.11,0.23
2024-08-31,North,Sports,Sports_Item_6,84,102.44,7920.93,0.08,0.25
2024-08-31,South,Electronics,Electronics_Item_8,188,249.3,42714.81,0.09,0.08
2024-08-31,South,Clothing,Clothing_Item_4,143,50.56,6966.12,0.04,0.3
2024-08-31,South,Food,Food_Item_18,149,19.7,2513.59,0.14,0.23
2024-08-31,South,Home,Home_Item_13,69,121.82,5934.41,0.29,0.01
2024-08-31,South,Sports,Sports_Item_10,169,82.91,13352.96,0.05,0.25
2024-08-31,East,Electronics,Electronics_Item_8,75,266.48,19416.68,0.03,0.11
2024-08-31,East,Clothing,Clothing_Item_12,127,64.01,7729.76,0.05,0.32
2024-08-31,East,Food,Food_Item_7,95,79.45,5300.38,0.3,0.01
2024-08-31,East,Home,Home_Item_8,71,138.65,7614.31,0.23,0.06
2024-08-31,East,Sports,Sports_Item_11,112,111.99,10073.71,0.2,0.16
2024-08-31,West,Electronics,Electronics_Item_13,159,651.91,86875.91,0.16,0.01
2024-08-31,West,Clothing,Clothing_Item_15,60,30.54,1382.77,0.25,0.21
2024-08-31,West,Food,Food_Item_1,161,57.93,7205.78,0.23,0.08
2024-08-31,West,Home,Home_Item_7,61,51.66,2499.85,0.21,0.12
2024-08-31,West,Sports,Sports_Item_10,185,99.08,17449.71,0.05,0.28
2024-09-30,North,Electronics,Electronics_Item_4,306,687.05,154643.45,0.26,0.01
2024-09-30,North,Clothing,Clothing_Item_10,243,35.52,6927.95,0.2,0.27
2024-09-30,North,Food,Food_Item_9,315,112.63,33477.2,0.06,0.25
2024-09-30,North,Home,Home_Item_12,256,119.73,30603.01,0.0,0.28
2024-09-30,North,Sports,Sports_Item_16,100,114.94,9154.52,0.2,0.15
2024-09-30,South,Electronics,Electronics_Item_4,140,725.99,90408.32,0.11,0.06
2024-09-30,South,Clothing,Clothing_Item_6,81,82.43,6400.92,0.04,0.3
2024-09-30,South,Food,Food_Item_4,121,107.39,10578.53,0.19,0.05
2024-09-30,South,Home,Home_Item_14,125,64.27,5927.06,0.26,0.05
2024-09-30,South,Sports,Sports_Item_4,61,19.08,967.8,0.17,0.15
2024-09-30,East,Electronics,Electronics_Item_19,199,562.09,84843.47,0.24,0.01
2024-09-30,East,Clothing,Clothing_Item_12,115,70.92,6454.23,0.21,0.16
2024-09-30,East,Food,Food_Item_19,93,147.48,10320.18,0.25,0.03
2024-09-30,East,Home,Home_Item_17,168,55.95,9149.26,0.03,0.24
2024-09-30,East,Sports,Sports_Item_17,113,149.77,13661.45,0.19,0.19
2024-09-30,West,Electronics,Electronics_Item_15,62,497.7,24507.76,0.21,0.01
2024-09-30,West,Clothing,Clothing_Item_5,149,79.78,8497.99,0.29,0.18
2024-09-30,West,Food,Food_Item_13,129,147.15,14994.68,0.21,0.06
2024-09-30,West,Home,Home_Item_3,153,140.15,21081.29,0.02,0.3
2024-09-30,West,Sports,Sports_Item_17,112,41.58,4011.47,0.14,0.15
2024-10-31,North,Electronics,Electronics_Item_4,472,474.91,215182.32,0.04,0.09
2024-10-31,North,Clothing,Clothing_Item_4,417,78.24,28348.5,0.13,0.27
2024-10-31,North,Food,Food_Item_4,283,18.02,4898.5,0.04,0.2
2024-10-31,North,Home,Home_Item_14,372,16.24,5542.69,0.08,0.14
2024-10-31,North,Sports,Sports_Item_13,403,146.48,51434.99,0.13,0.15
2024-10-31,South,Electronics,Electronics_Item_18,210,239.22,49729.55,0.01,0.12
2024-10-31,South,Clothing,Clothing_Item_7,276,31.14,7534.58,0.12,0.28
2024-10-31,South,Food,Food_Item_15,210,135.98,22868.73,0.2,0.04
2024-10-31,South,Home,Home_Item_5,350,17.32,5587.62,0.08,0.2
2024-10-31,South,Sports,Sports_Item_5,188,147.14,21644.05,0.22,0.05
2024-10-31,East,Electronics,Electronics_Item_9,173,478.36,67648.37,0.18,0.01
2024-10-31,East,Clothing,Clothing_Item_1,293,38.03,8298.31,0.26,0.13
2024-10-31,East,Food,Food_Item_11,230,147.27,29767.5,0.12,0.14
2024-10-31,East,Home,Home_Item_2,238,86.84,19265.15,0.07,0.24
2024-10-31,East,Sports,Sports_Item_2,201,70.01,11267.79,0.2,0.06
2024-10-31,West,Electronics,Electronics_Item_12,217,477.38,83360.41,0.2,0.01
2024-10-31,West,Clothing,Clothing_Item_3,241,82.96,17857.71,0.11,0.23
2024-10-31,West,Food,Food_Item_4,198,79.62,11639.45,0.26,0.04
2024-10-31,West,Home,Home_Item_15,280,115.58,31135.31,0.04,0.17
2024-10-31,West,Sports,Sports_Item_17,291,131.88,33182.15,0.14,0.13
2024-11-30,North,Electronics,Electronics_Item_1,273,239.12,47474.2,0.27,0.01
2024-11-30,North,Clothing,Clothing_Item_18,215,59.83,10328.05,0.2,0.16
2024-11-30,North,Food,Food_Item_8,467,71.75,31630.32,0.06,0.18
2024-11-30,North,Home,Home_Item_15,213,90.86,14721.02,0.24,0.1
2024-11-30,North,Sports,Sports_Item_6,457,138.11,60126.55,0.05,0.24
2024-11-30,South,Electronics,Electronics_Item_18,107,299.62,28567.17,0.11,0.04
2024-11-30,South,Clothing,Clothing_Item_8,276,98.68,25585.52,0.06,0.27
2024-11-30,South,Food,Food_Item_6,265,112.57,27028.21,0.09,0.25
2024-11-30,South,Home,Home_Item_14,280,21.68,4608.0,0.24,0.14
2024-11-30,South,Sports,Sports_Item_13,297,145.4,30434.04,0.3,0.03
2024-11-30,East,Electronics,Electronics_Item_5,93,798.25,59624.14,0.2,0.01
2024-11-30,East,Clothing,Clothing_Item_5,130,27.44,2686.74,0.25,0.11
2024-11-30,East,Food,Food_Item_12,102,124.67,10006.74,0.21,0.11
2024-11-30,East,Home,Home_Item_2,300,75.96,19649.19,0.14,0.21
2024-11-30,East,Sports,Sports_Item_1,318,133.18,39245.36,0.07,0.22
2024-11-30,West,Electronics,Electronics_Item_16,146,408.76,46272.76,0.22,0.01
2024-11-30,West,Clothing,Clothing_Item_15,312,48.19,12909.5,0.14,0.31
2024-11-30,West,Food,Food_Item_2,247,98.78,19449.29,0.2,0.06
2024-11-30,West,Home,Home_Item_8,169,34.48,5430.51,0.07,0.27
2024-11-30,West,Sports,Sports_Item_15,240,20.79,3692.89,0.26,0.04
2024-12-31,North,Electronics,Electronics_Item_14,206,416.23,66112.2,0.23,0.01
2024-12-31,North,Clothing,Clothing_Item_13,454,92.29,31750.3,0.24,0.14
2024-12-31,North,Food,Food_Item_2,390,137.01,44449.07,0.17,0.17
2024-12-31,North,Home,Home_Item_3,403,63.13,22528.91,0.11,0.14
2024-12-31,North,Sports,Sports_Item_8,467,146.75,59845.63,0.13,0.12
2024-12-31,South,Electronics,Electronics_Item_19,241,216.31,50136.27,0.04,0.12
2024-12-31,South,Clothing,Clothing_Item_13,280,92.86,19722.68,0.24,0.22
2024-12-31,South,Food,Food_Item_19,212,96.99,16686.25,0.19,0.13
2024-12-31,South,Home,Home_Item_17,337,40.58,13395.76,0.02,0.2
2024-12-31,South,Sports,Sports_Item_14,139,16.46,2092.78,0.09,0.22
2024-12-31,East,Electronics,Electronics_Item_4,180,378.34,52917.87,0.22,0.01
2024-12-31,East,Clothing,Clothing_Item_9,206,90.18,16735.52,0.1,0.35
2024-12-31,East,Food,Food_Item_17,298,35.95,9942.29,0.07,0.15
2024-12-31,East,Home,Home_Item_5,107,91.59,7284.59,0.26,0.14
2024-12-31,East,Sports,Sports_Item_9,171,126.39,20867.87,0.03,0.26
2024-12-31,West,Electronics,Electronics_Item_1,329,601.52,145715.12,0.26,0.01
2024-12-31,West,Clothing,Clothing_Item_12,100,61.4,5555.8,0.1,0.29
2024-12-31,West,Food,Food_Item_8,169,29.25,4699.35,0.05,0.21
2024-12-31,West,Home,Home_Item_4,123,98.38,9550.32,0.21,0.12
2024-12-31,West,Sports,Sports_Item_13,184,81.73,13303.75,0.12,0.12
